retour_id,vente_id,produit_id,motif,date_retour
1,37901,46,autre,2025-05-29
2,30912,18,defectueux,2026-03-07
3,18625,80,ne_correspond_pas,2025-12-16
4,37767,172,ne_correspond_pas,2025-05-09
5,10283,48,mauvaise_taille,2025-06-27
6,22503,120,mauvaise_taille,2025-07-13
7,14072,200,mauvaise_taille,2025-09-01
8,48210,150,defectueux,2026-04-06
9,28280,138,defectueux,2025-06-22
10,41802,7,ne_correspond_pas,2026-03-14
11,17401,52,mauvaise_taille,2025-09-20
12,25715,43,mauvaise_taille,2025-09-10
13,31383,183,mauvaise_taille,2026-03-19
14,14742,188,defectueux,2025-06-01
15,32283,90,ne_correspond_pas,2025-09-21
16,32917,159,ne_correspond_pas,2025-11-14
17,4921,153,autre,2026-04-12
18,16488,27,defectueux,2025-06-16
19,44268,85,mauvaise_taille,2025-11-12
20,8293,97,mauvaise_taille,2026-01-25
21,26044,120,defectueux,2025-07-03
22,14526,140,ne_correspond_pas,2026-01-14
23,1145,200,ne_correspond_pas,2025-08-16
24,48220,171,autre,2025-06-20
25,19040,187,mauvaise_taille,2025-08-19
26,32912,92,mauvaise_taille,2026-03-22
27,39804,135,ne_correspond_pas,2025-10-25
28,27180,113,ne_correspond_pas,2025-10-15
29,30683,195,defectueux,2025-06-21
30,11169,73,defectueux,2025-10-09
31,28058,53,ne_correspond_pas,2025-08-07
32,32166,62,defectueux,2025-05-30
33,19919,29,defectueux,2025-08-25
34,37986,65,ne_correspond_pas,2025-07-15
35,28678,123,mauvaise_taille,2025-06-25
36,35534,42,mauvaise_taille,2026-03-22
37,39045,180,autre,2026-04-13
38,586,23,mauvaise_taille,2025-10-25
39,20758,42,ne_correspond_pas,2025-09-13
40,12327,153,ne_correspond_pas,2025-10-20
41,27094,57,mauvaise_taille,2025-04-30
42,38722,187,autre,2025-06-09
43,3756,158,defectueux,2025-12-28
44,48707,172,ne_correspond_pas,2026-03-24
45,9981,61,mauvaise_taille,2025-08-01
46,43208,47,mauvaise_taille,2026-04-19
47,28644,167,mauvaise_taille,2025-06-13
48,5000,89,defectueux,2025-12-18
49,25431,105,autre,2026-02-26
50,10596,178,defectueux,2025-10-25
51,34499,164,defectueux,2025-12-29
52,8132,182,mauvaise_taille,2025-09-20
53,21586,106,defectueux,2025-07-02
54,1066,57,autre,2026-03-29
55,1696,172,defectueux,2026-02-22
56,9167,49,autre,2025-08-15
57,36021,158,defectueux,2025-11-12
58,46041,110,autre,2025-08-02
59,10610,62,defectueux,2025-04-30
60,2620,60,ne_correspond_pas,2025-06-12
61,17890,54,mauvaise_taille,2025-07-13
62,21192,161,defectueux,2026-01-02
63,46824,57,defectueux,2025-05-22
64,535,88,autre,2026-03-13
65,36510,55,ne_correspond_pas,2026-03-11
66,28481,6,autre,2025-06-20
67,44436,32,ne_correspond_pas,2025-05-09
68,10324,61,ne_correspond_pas,2025-08-09
69,2948,193,autre,2025-08-04
70,14194,134,defectueux,2026-02-06
71,10549,181,autre,2025-05-31
72,22710,7,defectueux,2025-12-13
73,30197,51,ne_correspond_pas,2025-11-01
74,18863,86,autre,2026-02-18
75,6639,131,defectueux,2025-11-17
76,1385,167,ne_correspond_pas,2025-08-16
77,1549,33,autre,2026-02-02
78,20294,108,autre,2025-10-02
79,34670,63,mauvaise_taille,2026-01-05
80,5238,43,mauvaise_taille,2025-05-14
81,48670,135,mauvaise_taille,2025-08-22
82,9096,115,ne_correspond_pas,2025-07-08
83,10682,199,defectueux,2025-09-07
84,41544,2,mauvaise_taille,2025-06-04
85,14786,156,defectueux,2025-12-09
86,39445,10,mauvaise_taille,2026-03-28
87,30434,62,ne_correspond_pas,2025-10-08
88,32147,138,mauvaise_taille,2025-08-07
89,10523,1,defectueux,2025-11-18
90,20262,61,defectueux,2025-07-11
91,40436,187,defectueux,2025-11-03
92,48503,112,ne_correspond_pas,2025-12-10
93,35633,130,autre,2025-09-01
94,40272,27,defectueux,2025-05-19
95,8787,134,defectueux,2025-06-29
96,19047,23,autre,2025-07-02
97,6877,167,defectueux,2025-09-09
98,12692,161,mauvaise_taille,2025-09-13
99,2709,149,autre,2025-05-22
100,12654,17,ne_correspond_pas,2026-01-04
101,30742,84,autre,2026-04-22
102,37814,164,defectueux,2025-11-17
103,34298,164,mauvaise_taille,2026-01-14
104,47219,79,defectueux,2025-10-14
105,38986,45,defectueux,2026-04-05
106,26591,114,defectueux,2025-06-10
107,47941,127,defectueux,2025-10-09
108,15619,98,mauvaise_taille,2025-05-28
109,4457,88,mauvaise_taille,2026-03-18
110,20092,174,ne_correspond_pas,2026-04-10
111,34602,172,autre,2026-01-19
112,41814,112,autre,2025-05-26
113,26557,179,ne_correspond_pas,2026-02-06
114,42028,135,mauvaise_taille,2025-11-10
115,21268,1,defectueux,2025-06-21
116,18156,99,autre,2026-04-14
117,47640,173,ne_correspond_pas,2025-05-17
118,32132,22,autre,2026-01-23
119,3618,30,ne_correspond_pas,2025-06-22
120,23055,122,autre,2026-02-20
121,15474,193,ne_correspond_pas,2025-12-23
122,20126,199,ne_correspond_pas,2025-07-24
123,28535,173,defectueux,2025-12-25
124,33225,69,autre,2026-02-08
125,4462,81,autre,2026-03-21
126,8517,156,ne_correspond_pas,2025-07-01
127,29247,194,defectueux,2026-04-12
128,49192,199,ne_correspond_pas,2025-10-23
129,10516,189,ne_correspond_pas,2025-12-22
130,36678,84,ne_correspond_pas,2025-08-11
131,35847,159,mauvaise_taille,2025-05-13
132,38582,60,autre,2026-01-07
133,39023,66,autre,2025-09-16
134,13982,197,ne_correspond_pas,2025-09-17
135,36137,175,autre,2025-09-17
136,40362,151,autre,2025-06-18
137,28757,199,ne_correspond_pas,2026-03-02
138,44687,128,autre,2025-10-23
139,6975,146,defectueux,2026-03-09
140,43318,157,ne_correspond_pas,2025-09-04
141,4184,27,autre,2026-04-05
142,26410,29,autre,2025-10-06
143,30017,33,autre,2025-05-19
144,14763,176,defectueux,2025-09-03
145,7048,16,mauvaise_taille,2025-07-23
146,28020,34,defectueux,2025-09-30
147,31709,57,mauvaise_taille,2025-05-10
148,18946,126,defectueux,2025-07-25
149,5673,79,defectueux,2025-12-06
150,32260,81,mauvaise_taille,2026-01-08
151,7470,23,defectueux,2025-10-31
152,5994,165,ne_correspond_pas,2025-12-10
153,12367,124,autre,2025-05-28
154,167,114,mauvaise_taille,2025-10-04
155,3878,55,defectueux,2026-01-26
156,38432,143,ne_correspond_pas,2025-09-12
157,11632,121,ne_correspond_pas,2025-06-16
158,21222,97,autre,2025-05-02
159,2819,135,autre,2025-05-30
160,19530,90,mauvaise_taille,2026-03-30
161,22018,139,mauvaise_taille,2025-07-08
162,34897,114,autre,2025-06-24
163,3118,9,mauvaise_taille,2025-09-27
164,24003,144,defectueux,2025-11-23
165,8859,68,mauvaise_taille,2025-09-06
166,49656,107,mauvaise_taille,2025-12-14
167,19828,33,defectueux,2025-06-07
168,33673,13,autre,2025-06-23
169,35550,29,defectueux,2025-09-01
170,12472,28,mauvaise_taille,2026-01-25
171,45152,88,ne_correspond_pas,2025-05-14
172,12072,49,ne_correspond_pas,2025-06-30
173,25981,122,defectueux,2025-09-01
174,47279,53,mauvaise_taille,2026-03-30
175,33044,182,defectueux,2025-11-07
176,12823,180,autre,2025-12-17
177,36832,40,mauvaise_taille,2025-09-09
178,14440,197,defectueux,2025-06-25
179,15489,33,mauvaise_taille,2025-07-16
180,35946,47,autre,2025-09-01
181,3389,189,defectueux,2026-04-19
182,23858,120,autre,2025-05-06
183,13976,48,ne_correspond_pas,2026-03-17
184,37391,113,ne_correspond_pas,2026-02-19
185,2709,84,mauvaise_taille,2025-08-16
186,13240,110,defectueux,2025-09-25
187,38876,111,ne_correspond_pas,2025-09-05
188,44562,61,mauvaise_taille,2025-05-24
189,34968,154,mauvaise_taille,2025-09-07
190,39868,168,mauvaise_taille,2025-10-27
191,35957,106,mauvaise_taille,2025-10-28
192,2629,123,mauvaise_taille,2025-12-13
193,25497,17,autre,2025-05-14
194,45109,149,defectueux,2026-02-19
195,27793,24,ne_correspond_pas,2025-09-04
196,38120,152,mauvaise_taille,2025-12-07
197,9569,60,mauvaise_taille,2025-12-13
198,38915,136,ne_correspond_pas,2025-08-16
199,18675,9,defectueux,2025-10-06
200,24915,116,autre,2026-02-16
201,17893,148,mauvaise_taille,2025-12-21
202,4031,110,ne_correspond_pas,2025-05-09
203,9430,32,autre,2025-11-06
204,46782,183,ne_correspond_pas,2025-07-10
205,43563,65,autre,2025-05-26
206,46341,50,autre,2025-09-16
207,49415,21,ne_correspond_pas,2026-01-04
208,37467,66,defectueux,2025-07-10
209,36169,125,mauvaise_taille,2025-11-02
210,9541,89,ne_correspond_pas,2025-10-25
211,20928,5,ne_correspond_pas,2025-10-23
212,10124,124,autre,2025-11-16
213,6839,143,defectueux,2026-01-08
214,48480,149,mauvaise_taille,2025-12-17
215,22608,162,ne_correspond_pas,2026-03-16
216,14283,162,mauvaise_taille,2025-08-22
217,21679,87,ne_correspond_pas,2025-08-23
218,33303,126,ne_correspond_pas,2026-04-11
219,43191,144,mauvaise_taille,2025-06-23
220,42594,167,mauvaise_taille,2025-12-19
221,38256,88,autre,2025-07-02
222,3416,159,defectueux,2026-02-24
223,21190,136,ne_correspond_pas,2026-04-01
224,17175,103,ne_correspond_pas,2025-05-04
225,43878,143,ne_correspond_pas,2026-04-19
226,19560,19,ne_correspond_pas,2025-06-27
227,15065,41,mauvaise_taille,2025-12-29
228,40060,70,defectueux,2025-12-28
229,32802,128,ne_correspond_pas,2025-09-16
230,47062,144,ne_correspond_pas,2025-08-18
231,36600,199,ne_correspond_pas,2026-02-01
232,36370,144,ne_correspond_pas,2025-11-13
233,31891,115,mauvaise_taille,2025-09-15
234,41368,6,defectueux,2026-02-01
235,697,132,mauvaise_taille,2025-10-08
236,19938,186,ne_correspond_pas,2025-11-16
237,30256,95,autre,2026-04-25
238,803,26,mauvaise_taille,2025-11-25
239,5985,83,autre,2025-10-07
240,49672,63,mauvaise_taille,2025-08-29
241,12771,148,ne_correspond_pas,2025-10-21
242,8177,69,defectueux,2025-11-17
243,24932,175,autre,2025-09-22
244,6625,73,mauvaise_taille,2025-11-24
245,46017,49,autre,2025-11-08
246,15698,114,ne_correspond_pas,2025-05-02
247,47369,178,autre,2025-12-09
248,1849,141,autre,2025-08-22
249,14445,106,ne_correspond_pas,2025-11-26
250,38859,171,ne_correspond_pas,2025-08-17
251,13276,73,defectueux,2025-09-21
252,26943,83,defectueux,2025-07-09
253,25888,59,ne_correspond_pas,2025-10-17
254,28151,194,defectueux,2025-09-16
255,8885,54,ne_correspond_pas,2026-02-08
256,46549,68,autre,2026-02-03
257,11301,57,mauvaise_taille,2025-09-22
258,44651,164,defectueux,2025-09-30
259,31900,4,autre,2025-05-11
260,16179,122,mauvaise_taille,2025-07-07
261,37932,12,defectueux,2025-09-01
262,10722,9,autre,2026-01-28
263,39336,141,autre,2026-02-01
264,23995,126,mauvaise_taille,2025-11-27
265,5457,19,ne_correspond_pas,2026-03-01
266,17650,187,mauvaise_taille,2025-07-09
267,8301,37,autre,2025-10-05
268,2412,74,defectueux,2025-07-12
269,27931,178,ne_correspond_pas,2025-08-16
270,48589,161,autre,2026-04-14
271,26233,39,autre,2026-01-22
272,47083,22,defectueux,2025-05-10
273,39244,46,mauvaise_taille,2026-04-20
274,30859,92,defectueux,2025-05-19
275,8612,126,defectueux,2025-11-30
276,38611,56,ne_correspond_pas,2025-10-12
277,48278,196,defectueux,2026-02-23
278,20202,157,ne_correspond_pas,2026-01-20
279,47902,179,mauvaise_taille,2026-04-20
280,30743,50,mauvaise_taille,2025-12-12
281,21428,171,mauvaise_taille,2026-02-15
282,19800,119,defectueux,2025-05-21
283,33108,161,ne_correspond_pas,2026-03-23
284,39644,67,ne_correspond_pas,2025-12-27
285,32833,168,autre,2026-03-31
286,2287,141,autre,2025-10-25
287,6196,141,defectueux,2025-12-21
288,14504,49,ne_correspond_pas,2025-12-01
289,38749,165,ne_correspond_pas,2026-04-12
290,46752,72,autre,2025-08-27
291,45062,172,mauvaise_taille,2025-05-17
292,40845,18,defectueux,2026-01-15
293,48965,85,mauvaise_taille,2025-08-06
294,2877,6,ne_correspond_pas,2026-02-26
295,15519,109,ne_correspond_pas,2025-11-11
296,44335,37,ne_correspond_pas,2026-01-22
297,46537,2,ne_correspond_pas,2026-04-20
298,16488,30,mauvaise_taille,2025-11-18
299,23056,141,mauvaise_taille,2025-10-06
300,27085,78,defectueux,2026-03-20
301,39899,62,ne_correspond_pas,2025-12-11
302,36734,183,mauvaise_taille,2025-10-12
303,40402,37,autre,2025-12-05
304,27407,41,mauvaise_taille,2025-05-26
305,18108,37,mauvaise_taille,2026-03-17
306,9157,51,defectueux,2025-08-02
307,15568,92,mauvaise_taille,2026-02-15
308,48791,185,autre,2025-05-22
309,34603,170,defectueux,2025-10-21
310,40741,118,mauvaise_taille,2025-07-25
311,49774,165,ne_correspond_pas,2025-07-02
312,49073,151,defectueux,2026-03-26
313,3868,46,defectueux,2025-07-11
314,7475,130,autre,2026-01-08
315,13230,126,mauvaise_taille,2025-07-07
316,23969,131,mauvaise_taille,2026-01-27
317,47386,54,defectueux,2025-08-16
318,25575,111,defectueux,2026-03-09
319,19050,82,defectueux,2025-11-02
320,49962,81,ne_correspond_pas,2026-04-22
321,21321,129,defectueux,2025-07-03
322,31825,160,autre,2026-01-27
323,30563,147,autre,2025-08-23
324,40395,92,autre,2025-08-15
325,38443,161,ne_correspond_pas,2025-09-28
326,6446,80,mauvaise_taille,2026-03-11
327,16406,82,mauvaise_taille,2026-02-07
328,36060,96,defectueux,2026-03-11
329,39621,41,defectueux,2026-01-29
330,19445,197,autre,2025-12-30
331,13324,8,defectueux,2025-11-16
332,37885,98,ne_correspond_pas,2025-09-29
333,38195,101,mauvaise_taille,2026-02-24
334,24378,163,mauvaise_taille,2025-08-26
335,10057,93,ne_correspond_pas,2025-10-04
336,43209,135,mauvaise_taille,2026-01-30
337,47930,141,autre,2025-08-07
338,19488,37,defectueux,2026-02-05
339,24610,40,mauvaise_taille,2025-06-21
340,45178,31,ne_correspond_pas,2025-10-21
341,33813,128,defectueux,2025-05-08
342,19900,66,defectueux,2026-02-06
343,24362,75,autre,2026-01-08
344,6155,129,defectueux,2025-10-30
345,28279,166,defectueux,2025-08-20
346,11309,143,mauvaise_taille,2025-06-28
347,8975,196,autre,2026-02-08
348,31313,104,defectueux,2026-03-31
349,25360,3,autre,2025-12-13
350,36818,19,autre,2025-12-08
351,24309,47,mauvaise_taille,2025-07-11
352,33109,47,ne_correspond_pas,2025-10-16
353,16677,108,ne_correspond_pas,2026-01-19
354,38540,180,autre,2026-03-19
355,18640,45,autre,2025-08-15
356,41871,59,defectueux,2025-06-10
357,249,11,mauvaise_taille,2026-04-02
358,23474,195,defectueux,2025-12-24
359,26562,119,mauvaise_taille,2025-10-03
360,46840,153,ne_correspond_pas,2025-09-15
361,3345,145,defectueux,2026-01-03
362,2437,73,mauvaise_taille,2025-10-11
363,524,63,autre,2025-05-01
364,31085,147,autre,2025-06-28
365,26499,23,autre,2025-08-09
366,6389,108,ne_correspond_pas,2026-02-15
367,32331,146,ne_correspond_pas,2025-12-22
368,33318,184,mauvaise_taille,2025-12-15
369,16985,29,mauvaise_taille,2026-03-31
370,42021,94,autre,2025-05-30
371,12901,18,autre,2026-02-21
372,8174,189,autre,2026-03-31
373,12421,186,autre,2025-05-20
374,13655,75,mauvaise_taille,2025-05-25
375,22671,116,ne_correspond_pas,2025-07-29
376,4854,139,autre,2025-07-28
377,7396,163,mauvaise_taille,2025-08-29
378,49773,120,ne_correspond_pas,2025-06-11
379,47527,26,defectueux,2026-02-28
380,38520,146,defectueux,2025-09-21
381,1452,177,autre,2025-08-18
382,9031,80,mauvaise_taille,2025-04-29
383,27195,47,autre,2025-11-04
384,5361,23,defectueux,2025-07-03
385,2908,70,autre,2025-09-19
386,42871,20,autre,2025-09-22
387,13212,170,mauvaise_taille,2025-10-06
388,37217,104,autre,2025-11-23
389,22517,166,defectueux,2025-09-11
390,16167,165,ne_correspond_pas,2026-04-20
391,37189,19,mauvaise_taille,2026-03-07
392,7417,74,ne_correspond_pas,2025-11-12
393,39481,150,defectueux,2025-06-17
394,37552,6,ne_correspond_pas,2025-10-30
395,18308,150,mauvaise_taille,2025-07-12
396,7128,57,mauvaise_taille,2026-02-28
397,211,23,ne_correspond_pas,2025-12-11
398,35197,15,ne_correspond_pas,2026-03-07
399,332,111,defectueux,2025-12-16
400,14927,175,defectueux,2026-01-21
401,39294,122,mauvaise_taille,2025-12-09
402,24669,103,mauvaise_taille,2026-02-08
403,412,133,autre,2026-03-05
404,35232,107,defectueux,2025-07-18
405,22619,44,defectueux,2025-10-02
406,15604,153,ne_correspond_pas,2025-06-13
407,14338,188,defectueux,2025-08-26
408,143,143,autre,2025-09-14
409,36542,194,mauvaise_taille,2025-06-04
410,10752,181,mauvaise_taille,2025-09-26
411,47188,94,autre,2025-11-22
412,22596,85,mauvaise_taille,2025-12-11
413,37687,182,ne_correspond_pas,2026-01-27
414,6174,101,ne_correspond_pas,2025-06-03
415,32730,99,ne_correspond_pas,2025-12-13
416,117,111,defectueux,2026-01-01
417,39180,81,ne_correspond_pas,2025-05-02
418,35836,184,ne_correspond_pas,2025-11-04
419,28021,41,mauvaise_taille,2026-02-11
420,23775,193,mauvaise_taille,2025-06-02
421,7913,192,defectueux,2026-03-14
422,14686,125,mauvaise_taille,2026-02-07
423,8485,23,mauvaise_taille,2025-11-17
424,37007,195,defectueux,2026-04-19
425,31746,44,defectueux,2025-10-24
426,47743,19,defectueux,2026-02-16
427,5634,38,mauvaise_taille,2025-06-13
428,56,63,mauvaise_taille,2025-12-21
429,38293,51,defectueux,2025-12-05
430,33758,159,ne_correspond_pas,2025-08-26
431,18956,100,ne_correspond_pas,2025-09-24
432,49476,5,defectueux,2025-08-09
433,49917,49,autre,2026-03-12
434,34710,193,ne_correspond_pas,2026-04-13
435,35928,32,autre,2025-12-06
436,34152,158,mauvaise_taille,2026-04-07
437,3330,44,ne_correspond_pas,2025-09-15
438,5813,66,defectueux,2025-10-11
439,43881,149,defectueux,2026-04-24
440,31755,8,autre,2025-12-13
441,5781,130,ne_correspond_pas,2026-04-16
442,43487,7,autre,2026-03-25
443,20281,123,ne_correspond_pas,2025-09-07
444,24761,135,autre,2025-05-13
445,15909,177,autre,2026-01-06
446,21975,139,ne_correspond_pas,2025-10-27
447,34469,175,autre,2025-10-01
448,15397,121,defectueux,2025-08-03
449,18997,176,autre,2025-06-26
450,16515,125,mauvaise_taille,2025-11-27
451,40787,158,defectueux,2025-09-15
452,21444,10,autre,2025-05-15
453,18413,8,mauvaise_taille,2025-08-25
454,8089,109,defectueux,2026-02-14
455,44986,89,mauvaise_taille,2026-03-06
456,37542,180,defectueux,2026-01-04
457,42805,57,mauvaise_taille,2025-12-02
458,31876,24,mauvaise_taille,2026-03-04
459,28764,158,autre,2026-04-01
460,37833,42,defectueux,2025-11-05
461,27682,143,autre,2025-07-17
462,35484,16,ne_correspond_pas,2025-05-16
463,39698,24,mauvaise_taille,2025-07-26
464,46982,77,autre,2026-01-20
465,562,75,ne_correspond_pas,2025-05-07
466,1229,129,autre,2025-12-05
467,18259,102,defectueux,2026-02-17
468,11703,45,mauvaise_taille,2025-08-14
469,25126,143,ne_correspond_pas,2025-05-29
470,19210,130,ne_correspond_pas,2025-10-19
471,9445,54,mauvaise_taille,2026-03-25
472,19559,31,ne_correspond_pas,2025-08-21
473,45782,53,mauvaise_taille,2025-11-28
474,20943,88,autre,2025-12-08
475,30649,184,ne_correspond_pas,2025-09-30
476,5032,192,defectueux,2025-10-15
477,48606,34,mauvaise_taille,2025-08-09
478,21361,146,mauvaise_taille,2026-02-13
479,28567,29,ne_correspond_pas,2025-12-28
480,27967,47,mauvaise_taille,2025-09-14
481,35002,139,autre,2025-05-19
482,1429,30,defectueux,2026-03-27
483,45107,32,autre,2026-01-09
484,20144,26,defectueux,2025-09-17
485,47234,136,defectueux,2025-11-12
486,8859,187,defectueux,2026-03-22
487,18299,86,ne_correspond_pas,2025-12-05
488,29008,32,autre,2025-05-23
489,49928,6,autre,2026-03-14
490,9273,189,ne_correspond_pas,2025-12-27
491,3722,129,autre,2025-08-06
492,18396,64,mauvaise_taille,2026-02-10
493,4772,19,autre,2026-01-03
494,46302,62,ne_correspond_pas,2026-01-31
495,36672,123,defectueux,2025-06-09
496,15996,148,defectueux,2026-01-21
497,38970,102,ne_correspond_pas,2025-05-09
498,13535,95,mauvaise_taille,2025-09-08
499,30074,174,autre,2025-10-31
500,27044,49,defectueux,2026-01-10
501,40626,96,mauvaise_taille,2025-09-20
502,33978,197,mauvaise_taille,2026-04-11
503,19955,26,ne_correspond_pas,2026-02-24
504,35318,154,mauvaise_taille,2026-03-26
505,46064,30,autre,2025-06-16
506,28628,128,autre,2025-06-19
507,4828,107,ne_correspond_pas,2025-10-31
508,12416,189,mauvaise_taille,2025-06-17
509,38282,35,ne_correspond_pas,2025-11-15
510,25701,70,defectueux,2025-10-25
511,25837,93,defectueux,2026-04-24
512,6408,45,defectueux,2026-03-22
513,35518,108,autre,2025-09-18
514,11736,172,defectueux,2025-12-09
515,29100,149,autre,2025-10-06
516,20847,53,autre,2025-08-17
517,19033,40,defectueux,2025-07-16
518,33337,67,ne_correspond_pas,2026-01-28
519,31399,99,defectueux,2025-04-27
520,17457,173,autre,2026-04-03
521,27450,156,defectueux,2026-04-25
522,30199,67,defectueux,2026-03-29
523,25032,186,defectueux,2025-06-08
524,49666,154,autre,2025-07-23
525,15162,40,ne_correspond_pas,2025-10-27
526,5158,106,autre,2025-08-20
527,20905,46,ne_correspond_pas,2025-11-18
528,19855,176,defectueux,2025-11-02
529,30346,156,autre,2025-07-09
530,20593,12,mauvaise_taille,2026-03-06
531,16089,124,ne_correspond_pas,2025-09-27
532,22772,170,autre,2025-10-24
533,4507,20,autre,2025-10-23
534,20714,175,ne_correspond_pas,2025-11-22
535,32841,171,mauvaise_taille,2026-01-11
536,35127,138,autre,2025-09-17
537,39226,189,ne_correspond_pas,2025-07-08
538,45296,12,mauvaise_taille,2025-09-30
539,21737,168,defectueux,2025-09-25
540,19731,100,autre,2025-07-06
541,41429,124,defectueux,2025-07-09
542,2612,109,ne_correspond_pas,2026-01-04
543,1648,57,autre,2025-08-13
544,35847,108,defectueux,2026-02-02
545,36031,10,mauvaise_taille,2025-05-08
546,3365,181,mauvaise_taille,2026-03-23
547,7922,87,defectueux,2025-05-13
548,2101,185,ne_correspond_pas,2025-10-08
549,35829,184,autre,2026-03-13
550,36500,30,defectueux,2026-02-08
551,11393,186,autre,2026-02-02
552,16000,98,defectueux,2025-10-30
553,11889,42,ne_correspond_pas,2025-12-16
554,6616,149,autre,2025-06-12
555,40155,158,ne_correspond_pas,2026-01-08
556,5551,178,ne_correspond_pas,2025-09-11
557,46042,155,mauvaise_taille,2026-01-23
558,43746,113,defectueux,2025-05-06
559,34012,160,autre,2026-01-17
560,6260,154,mauvaise_taille,2025-12-01
561,46411,10,mauvaise_taille,2025-11-23
562,19021,157,autre,2025-06-02
563,44854,28,defectueux,2025-08-05
564,29165,102,ne_correspond_pas,2026-02-07
565,30192,184,ne_correspond_pas,2025-12-27
566,11357,173,mauvaise_taille,2025-12-28
567,1384,116,ne_correspond_pas,2025-07-26
568,8380,166,ne_correspond_pas,2026-02-04
569,37622,85,autre,2026-01-21
570,38957,14,defectueux,2025-08-26
571,46667,60,mauvaise_taille,2026-03-09
572,2289,188,defectueux,2026-03-16
573,42673,1,autre,2025-12-05
574,26163,62,ne_correspond_pas,2025-08-23
575,21250,162,autre,2025-10-21
576,46829,1,autre,2026-04-20
577,13404,12,defectueux,2026-04-20
578,43415,196,mauvaise_taille,2025-07-16
579,2493,141,ne_correspond_pas,2025-11-22
580,44130,152,mauvaise_taille,2025-08-31
581,41782,50,defectueux,2025-10-29
582,11869,38,ne_correspond_pas,2026-01-22
583,4441,17,ne_correspond_pas,2026-01-14
584,37337,20,ne_correspond_pas,2026-02-10
585,4695,169,autre,2025-05-31
586,47732,165,autre,2025-10-01
587,11713,26,autre,2026-02-20
588,32434,82,mauvaise_taille,2026-01-12
589,17846,192,autre,2025-12-30
590,45914,99,defectueux,2025-09-13
591,27443,93,ne_correspond_pas,2025-09-01
592,43392,47,mauvaise_taille,2025-08-16
593,24186,34,mauvaise_taille,2025-05-09
594,34439,28,defectueux,2026-02-18
595,49291,81,defectueux,2025-10-22
596,28447,109,autre,2025-08-29
597,18064,133,ne_correspond_pas,2025-05-06
598,2324,88,ne_correspond_pas,2025-12-05
599,49273,77,ne_correspond_pas,2026-01-28
600,13233,20,ne_correspond_pas,2026-01-04
601,11097,181,defectueux,2026-01-05
602,13780,104,mauvaise_taille,2025-10-08
603,34128,103,defectueux,2025-06-29
604,8051,174,defectueux,2026-03-16
605,48764,197,autre,2025-08-30
606,35213,86,ne_correspond_pas,2025-12-19
607,17920,3,defectueux,2025-12-21
608,5660,75,autre,2025-11-27
609,34772,115,ne_correspond_pas,2025-06-01
610,37522,170,autre,2025-10-12
611,32151,55,ne_correspond_pas,2025-12-18
612,7394,44,autre,2025-05-28
613,2336,108,defectueux,2025-08-21
614,126,181,ne_correspond_pas,2025-12-25
615,2499,54,defectueux,2025-10-06
616,20184,158,autre,2025-06-04
617,10950,53,defectueux,2026-03-24
618,14504,157,mauvaise_taille,2025-11-07
619,15294,14,autre,2025-05-11
620,24422,42,defectueux,2025-11-10
621,47310,27,autre,2025-09-08
622,14324,179,defectueux,2025-07-20
623,3196,93,defectueux,2025-07-04
624,781,192,ne_correspond_pas,2025-05-01
625,9417,175,ne_correspond_pas,2025-09-01
626,1155,129,ne_correspond_pas,2026-01-22
627,43787,6,ne_correspond_pas,2025-09-03
628,25968,109,ne_correspond_pas,2026-01-26
629,18172,24,mauvaise_taille,2025-06-08
630,39309,44,defectueux,2026-04-03
631,38451,86,defectueux,2025-10-13
632,22456,61,ne_correspond_pas,2025-05-11
633,2086,7,ne_correspond_pas,2025-04-28
634,17892,23,autre,2025-04-29
635,49910,166,mauvaise_taille,2026-02-11
636,39106,184,autre,2025-10-10
637,25069,177,mauvaise_taille,2025-05-29
638,33003,162,autre,2025-11-16
639,23689,158,autre,2026-03-29
640,23871,112,defectueux,2025-12-27
641,26147,27,defectueux,2026-01-12
642,33008,189,autre,2025-07-17
643,30331,96,mauvaise_taille,2026-03-12
644,546,194,mauvaise_taille,2025-08-24
645,27441,197,autre,2025-10-29
646,18173,155,autre,2025-06-08
647,1281,74,mauvaise_taille,2025-06-11
648,16662,27,autre,2026-04-20
649,3429,86,mauvaise_taille,2025-07-20
650,8977,149,defectueux,2026-04-05
651,16848,120,ne_correspond_pas,2025-04-28
652,11602,65,defectueux,2026-01-28
653,46157,59,autre,2025-08-02
654,42071,115,mauvaise_taille,2025-05-31
655,25993,126,ne_correspond_pas,2025-08-17
656,28511,85,autre,2025-07-29
657,3417,77,ne_correspond_pas,2025-08-22
658,14444,18,autre,2025-07-29
659,18558,21,defectueux,2025-06-12
660,45452,184,autre,2025-07-16
661,15757,25,autre,2025-11-12
662,41573,108,defectueux,2026-03-30
663,31287,15,autre,2025-10-03
664,32715,45,ne_correspond_pas,2026-03-28
665,27511,31,ne_correspond_pas,2026-03-13
666,32957,42,mauvaise_taille,2025-08-21
667,33498,12,defectueux,2025-07-10
668,19727,145,ne_correspond_pas,2025-12-22
669,45638,92,mauvaise_taille,2026-03-11
670,36427,96,ne_correspond_pas,2025-11-12
671,4771,48,autre,2025-08-17
672,29484,13,ne_correspond_pas,2025-09-07
673,49405,198,defectueux,2025-12-15
674,21473,192,ne_correspond_pas,2025-09-26
675,9081,48,mauvaise_taille,2025-10-25
676,39831,28,ne_correspond_pas,2025-06-16
677,21889,197,ne_correspond_pas,2025-12-27
678,14946,29,mauvaise_taille,2026-03-14
679,5971,118,mauvaise_taille,2025-05-25
680,44473,32,ne_correspond_pas,2026-04-01
681,11337,164,ne_correspond_pas,2025-07-11
682,44781,104,defectueux,2025-10-03
683,9740,28,ne_correspond_pas,2026-02-25
684,3362,175,autre,2026-02-28
685,45719,89,defectueux,2025-09-15
686,237,149,defectueux,2025-11-21
687,1897,25,ne_correspond_pas,2025-12-27
688,49362,116,defectueux,2025-06-12
689,49760,46,defectueux,2025-05-18
690,13378,117,ne_correspond_pas,2025-10-02
691,33090,190,ne_correspond_pas,2026-03-31
692,30597,45,mauvaise_taille,2025-11-04
693,48593,163,defectueux,2026-04-06
694,5496,105,defectueux,2026-02-18
695,26315,101,ne_correspond_pas,2025-12-21
696,16825,33,defectueux,2026-01-31
697,358,81,ne_correspond_pas,2025-09-22
698,18275,39,ne_correspond_pas,2026-04-14
699,2489,41,defectueux,2026-02-04
700,12072,89,mauvaise_taille,2025-07-07
701,32970,52,mauvaise_taille,2026-03-28
702,13199,36,ne_correspond_pas,2025-11-27
703,5823,15,autre,2026-04-13
704,21122,146,defectueux,2026-02-28
705,9858,166,mauvaise_taille,2025-11-05
706,24214,19,autre,2026-04-18
707,48466,15,mauvaise_taille,2025-09-22
708,13330,105,ne_correspond_pas,2025-07-26
709,38041,57,autre,2026-02-17
710,25539,145,ne_correspond_pas,2025-07-31
711,32842,125,autre,2025-06-27
712,48642,66,ne_correspond_pas,2026-03-11
713,37415,109,ne_correspond_pas,2025-12-28
714,21393,69,mauvaise_taille,2025-06-05
715,30624,196,mauvaise_taille,2026-03-30
716,33248,92,autre,2025-07-27
717,2408,145,mauvaise_taille,2025-09-25
718,30345,39,autre,2025-07-05
719,25454,56,autre,2025-09-13
720,21386,30,autre,2025-09-09
721,20362,158,ne_correspond_pas,2026-03-12
722,41853,71,defectueux,2025-06-20
723,34544,169,defectueux,2026-01-06
724,12473,165,mauvaise_taille,2025-05-25
725,20894,191,mauvaise_taille,2025-12-20
726,42494,197,ne_correspond_pas,2026-03-09
727,33100,64,ne_correspond_pas,2025-12-06
728,9953,185,defectueux,2026-02-24
729,28337,13,autre,2025-06-29
730,36122,96,mauvaise_taille,2025-12-08
731,3087,50,mauvaise_taille,2026-03-02
732,32514,72,defectueux,2025-08-07
733,46396,199,mauvaise_taille,2026-04-08
734,18425,36,mauvaise_taille,2025-11-06
735,40679,113,mauvaise_taille,2026-01-10
736,19916,122,ne_correspond_pas,2025-08-11
737,15954,38,defectueux,2025-08-24
738,16104,171,mauvaise_taille,2025-06-27
739,1475,153,defectueux,2025-08-31
740,13612,95,mauvaise_taille,2025-04-27
741,13395,74,defectueux,2025-12-22
742,20030,155,defectueux,2026-03-06
743,38829,148,ne_correspond_pas,2025-08-08
744,46695,48,mauvaise_taille,2025-04-27
745,26646,60,ne_correspond_pas,2025-11-25
746,23113,139,mauvaise_taille,2026-01-31
747,20786,150,mauvaise_taille,2025-06-17
748,40323,185,defectueux,2025-10-31
749,27921,33,defectueux,2025-05-14
750,44079,111,defectueux,2026-04-08
751,32019,86,autre,2025-12-05
752,38904,85,ne_correspond_pas,2025-04-29
753,42495,171,autre,2025-11-26
754,28353,161,mauvaise_taille,2025-09-15
755,9041,38,defectueux,2025-05-29
756,25199,96,mauvaise_taille,2025-09-01
757,25046,145,ne_correspond_pas,2025-07-10
758,39043,194,mauvaise_taille,2025-10-10
759,46555,199,mauvaise_taille,2025-11-16
760,12390,191,defectueux,2025-07-26
761,17292,127,mauvaise_taille,2025-09-01
762,21744,96,defectueux,2025-05-24
763,49803,88,mauvaise_taille,2026-03-26
764,3397,149,ne_correspond_pas,2025-12-15
765,41371,169,autre,2026-04-18
766,26338,65,ne_correspond_pas,2025-05-30
767,26395,139,defectueux,2025-05-05
768,2425,151,mauvaise_taille,2026-02-16
769,21881,132,ne_correspond_pas,2025-12-04
770,42340,67,mauvaise_taille,2025-06-17
771,42363,129,ne_correspond_pas,2026-01-23
772,21440,86,ne_correspond_pas,2025-11-27
773,28155,116,mauvaise_taille,2025-07-28
774,4892,21,ne_correspond_pas,2025-08-21
775,16747,62,ne_correspond_pas,2025-08-05
776,27590,14,mauvaise_taille,2026-03-11
777,46261,11,autre,2026-03-05
778,32695,191,ne_correspond_pas,2025-05-14
779,16259,126,mauvaise_taille,2025-08-13
780,21220,176,mauvaise_taille,2026-04-09
781,44028,165,mauvaise_taille,2026-04-17
782,7326,75,ne_correspond_pas,2025-12-17
783,11232,85,mauvaise_taille,2025-11-02
784,36561,96,autre,2025-05-16
785,29725,119,ne_correspond_pas,2026-04-03
786,48174,73,ne_correspond_pas,2025-11-16
787,21238,195,ne_correspond_pas,2026-04-21
788,5195,60,defectueux,2026-04-25
789,5242,158,defectueux,2025-08-13
790,36147,14,mauvaise_taille,2025-07-30
791,35410,20,defectueux,2026-04-12
792,14561,81,mauvaise_taille,2025-10-06
793,46737,165,mauvaise_taille,2025-06-16
794,37640,65,autre,2025-08-23
795,45205,5,autre,2026-02-14
796,7879,46,ne_correspond_pas,2025-09-17
797,6545,190,ne_correspond_pas,2025-08-19
798,7577,37,mauvaise_taille,2025-06-06
799,2850,112,ne_correspond_pas,2026-01-31
800,7277,199,defectueux,2026-02-06
801,17321,32,mauvaise_taille,2025-05-22
802,28745,22,defectueux,2026-01-01
803,25760,65,defectueux,2025-10-11
804,22769,37,autre,2025-08-01
805,21047,8,mauvaise_taille,2025-08-31
806,11488,53,ne_correspond_pas,2025-11-24
807,14822,90,autre,2025-09-19
808,34602,173,ne_correspond_pas,2025-12-28
809,5224,164,ne_correspond_pas,2025-08-15
810,8637,30,autre,2025-06-14
811,28582,76,defectueux,2025-09-12
812,45264,105,ne_correspond_pas,2025-11-15
813,38734,116,defectueux,2025-09-07
814,24929,142,defectueux,2026-04-07
815,13397,61,autre,2026-03-20
816,43467,85,ne_correspond_pas,2026-03-31
817,15417,198,autre,2025-12-24
818,6659,107,mauvaise_taille,2025-07-03
819,40806,6,ne_correspond_pas,2026-03-28
820,40033,135,defectueux,2026-03-25
821,19072,40,defectueux,2025-12-11
822,7033,158,mauvaise_taille,2025-09-04
823,30579,155,defectueux,2025-08-02
824,27437,126,defectueux,2026-01-18
825,29956,123,mauvaise_taille,2025-11-24
826,39331,12,mauvaise_taille,2026-02-15
827,8265,83,ne_correspond_pas,2025-10-11
828,49533,6,defectueux,2025-12-03
829,34254,62,ne_correspond_pas,2026-01-22
830,39859,135,ne_correspond_pas,2025-12-17
831,7958,192,mauvaise_taille,2025-07-29
832,6196,170,mauvaise_taille,2026-01-22
833,23721,86,autre,2025-10-02
834,15679,41,autre,2025-07-17
835,12514,56,mauvaise_taille,2025-12-22
836,4081,33,defectueux,2025-06-29
837,40331,139,ne_correspond_pas,2025-10-19
838,28596,161,ne_correspond_pas,2026-04-09
839,9053,155,mauvaise_taille,2025-05-16
840,6224,176,mauvaise_taille,2025-09-03
841,23612,12,autre,2025-12-10
842,37105,172,ne_correspond_pas,2026-01-30
843,40619,82,ne_correspond_pas,2026-03-22
844,5506,178,defectueux,2025-06-24
845,13861,151,defectueux,2025-10-12
846,29556,161,ne_correspond_pas,2026-02-02
847,47653,159,mauvaise_taille,2025-08-01
848,17750,83,autre,2025-09-19
849,48415,27,mauvaise_taille,2025-08-18
850,27397,47,defectueux,2026-04-27
851,4601,4,ne_correspond_pas,2025-12-29
852,20274,167,autre,2025-07-06
853,31566,157,defectueux,2025-09-18
854,12939,99,mauvaise_taille,2025-09-18
855,6814,15,ne_correspond_pas,2025-06-20
856,22574,3,autre,2026-01-03
857,40445,111,ne_correspond_pas,2025-06-23
858,45019,186,defectueux,2026-01-30
859,38862,133,ne_correspond_pas,2025-07-05
860,3518,94,mauvaise_taille,2025-11-01
861,2236,17,ne_correspond_pas,2025-08-02
862,4673,3,autre,2025-06-12
863,22852,30,autre,2025-11-23
864,2580,18,ne_correspond_pas,2025-05-10
865,24003,84,autre,2025-05-03
866,25681,188,ne_correspond_pas,2025-10-13
867,8905,151,ne_correspond_pas,2026-02-17
868,3348,35,autre,2025-11-05
869,22105,124,autre,2025-07-10
870,16658,164,autre,2025-09-19
871,6928,156,mauvaise_taille,2025-11-22
872,17499,190,autre,2025-09-10
873,29398,162,ne_correspond_pas,2025-04-28
874,47103,3,ne_correspond_pas,2025-10-20
875,45311,117,ne_correspond_pas,2026-01-19
876,13245,55,ne_correspond_pas,2026-01-12
877,32794,19,defectueux,2025-05-13
878,10696,59,autre,2025-09-12
879,46871,3,defectueux,2025-05-01
880,47835,118,mauvaise_taille,2026-03-26
881,361,119,defectueux,2026-01-28
882,41359,91,autre,2026-04-01
883,22773,141,mauvaise_taille,2026-01-15
884,40085,56,ne_correspond_pas,2025-04-28
885,9411,186,mauvaise_taille,2026-01-31
886,30502,120,defectueux,2026-04-05
887,34251,186,mauvaise_taille,2025-06-13
888,6980,69,ne_correspond_pas,2025-10-26
889,42776,192,defectueux,2025-07-22
890,38794,60,autre,2025-08-23
891,42733,72,ne_correspond_pas,2025-10-29
892,46011,92,mauvaise_taille,2025-05-15
893,33069,198,defectueux,2025-06-21
894,8132,84,defectueux,2025-09-10
895,23991,174,autre,2026-04-02
896,46174,122,mauvaise_taille,2025-10-22
897,48185,93,defectueux,2025-11-11
898,15330,159,autre,2026-02-28
899,13846,141,mauvaise_taille,2026-01-12
900,36056,5,defectueux,2025-10-05
901,35525,94,autre,2025-09-23
902,13604,69,autre,2025-08-23
903,25462,199,defectueux,2025-07-09
904,16361,4,defectueux,2026-01-10
905,5251,21,defectueux,2026-01-08
906,31430,167,mauvaise_taille,2025-11-27
907,33782,27,mauvaise_taille,2025-10-07
908,23687,150,ne_correspond_pas,2026-01-16
909,24231,26,defectueux,2026-03-19
910,48524,83,ne_correspond_pas,2025-07-20
911,44603,150,mauvaise_taille,2025-09-05
912,38733,169,autre,2026-04-07
913,40420,92,mauvaise_taille,2025-08-07
914,334,50,mauvaise_taille,2025-09-06
915,6249,52,ne_correspond_pas,2025-11-29
916,42766,103,mauvaise_taille,2025-11-22
917,27108,138,autre,2026-04-15
918,36665,6,ne_correspond_pas,2025-07-21
919,43404,54,defectueux,2026-02-18
920,30039,119,ne_correspond_pas,2026-01-10
921,8083,119,mauvaise_taille,2025-05-14
922,24224,45,mauvaise_taille,2025-07-13
923,32647,50,defectueux,2025-08-30
924,40255,67,defectueux,2026-02-18
925,24934,83,ne_correspond_pas,2025-12-28
926,46195,21,mauvaise_taille,2026-03-31
927,4851,42,defectueux,2025-12-18
928,43785,7,mauvaise_taille,2025-09-07
929,3675,144,defectueux,2026-02-20
930,39738,190,autre,2025-09-05
931,17735,90,ne_correspond_pas,2025-11-17
932,49876,30,autre,2025-09-20
933,25720,29,defectueux,2025-07-23
934,21798,127,ne_correspond_pas,2025-10-05
935,29308,4,mauvaise_taille,2025-07-15
936,13704,13,autre,2025-08-27
937,8253,102,autre,2025-06-25
938,33750,21,defectueux,2025-12-01
939,6969,126,defectueux,2025-07-01
940,1371,181,defectueux,2025-09-09
941,22047,135,autre,2025-07-27
942,42265,34,ne_correspond_pas,2025-06-18
943,33424,142,autre,2025-05-12
944,18711,75,ne_correspond_pas,2026-02-20
945,25563,191,mauvaise_taille,2025-08-23
946,585,104,mauvaise_taille,2025-08-27
947,26719,170,ne_correspond_pas,2025-06-04
948,13744,191,defectueux,2026-04-06
949,20147,109,defectueux,2025-10-16
950,38279,84,defectueux,2025-06-26
951,20142,73,autre,2026-04-24
952,33848,42,defectueux,2026-03-02
953,32089,103,mauvaise_taille,2025-12-16
954,16972,180,ne_correspond_pas,2025-08-07
955,7359,182,ne_correspond_pas,2026-01-17
956,3142,178,defectueux,2026-02-14
957,45493,17,defectueux,2026-01-02
958,26346,190,defectueux,2025-08-26
959,45866,145,autre,2025-07-27
960,6584,122,mauvaise_taille,2025-12-22
961,4118,70,ne_correspond_pas,2025-11-10
962,16589,187,mauvaise_taille,2025-09-23
963,777,17,ne_correspond_pas,2025-10-24
964,32350,189,ne_correspond_pas,2025-07-28
965,42527,114,ne_correspond_pas,2025-09-27
966,47890,107,defectueux,2025-08-04
967,12039,101,ne_correspond_pas,2025-06-28
968,12439,32,defectueux,2026-03-10
969,14325,171,mauvaise_taille,2025-07-28
970,38869,94,ne_correspond_pas,2025-06-17
971,48468,18,ne_correspond_pas,2025-09-02
972,20542,52,autre,2025-06-30
973,23932,151,defectueux,2025-04-28
974,28397,48,mauvaise_taille,2026-03-31
975,11386,166,ne_correspond_pas,2025-11-16
976,7547,45,defectueux,2025-11-16
977,42847,30,mauvaise_taille,2025-08-25
978,34253,2,autre,2025-09-04
979,46302,37,autre,2025-05-04
980,17326,38,mauvaise_taille,2025-09-25
981,34189,97,defectueux,2025-07-16
982,924,118,mauvaise_taille,2025-08-03
983,4755,197,mauvaise_taille,2026-01-15
984,4111,24,defectueux,2026-03-11
985,17813,39,ne_correspond_pas,2025-07-25
986,15073,110,autre,2026-04-18
987,46913,59,mauvaise_taille,2025-07-13
988,12150,134,mauvaise_taille,2025-09-24
989,44756,42,autre,2025-08-21
990,44959,199,defectueux,2025-10-13
991,6605,94,ne_correspond_pas,2025-07-28
992,37473,103,ne_correspond_pas,2026-03-21
993,5593,24,defectueux,2025-10-21
994,8468,48,mauvaise_taille,2025-10-26
995,602,66,defectueux,2025-10-30
996,30526,158,autre,2025-07-27
997,15980,43,mauvaise_taille,2025-11-03
998,7327,180,ne_correspond_pas,2025-12-30
999,16657,91,defectueux,2026-04-10
1000,12044,170,ne_correspond_pas,2025-09-13
1001,32054,172,mauvaise_taille,2025-09-18
1002,24078,14,mauvaise_taille,2026-02-28
1003,1261,127,ne_correspond_pas,2025-09-21
1004,37413,190,autre,2025-08-07
1005,28689,75,autre,2026-04-16
1006,8617,138,ne_correspond_pas,2025-10-11
1007,7248,63,ne_correspond_pas,2026-04-18
1008,22629,19,ne_correspond_pas,2026-03-11
1009,5125,17,autre,2025-09-08
1010,4195,176,defectueux,2025-06-18
1011,5721,44,ne_correspond_pas,2025-07-10
1012,40477,112,autre,2026-02-13
1013,32844,1,defectueux,2025-12-20
1014,47975,93,defectueux,2025-11-29
1015,35029,129,mauvaise_taille,2025-10-07
1016,38825,67,defectueux,2025-05-10
1017,20147,41,autre,2026-04-23
1018,41843,153,mauvaise_taille,2026-03-15
1019,15582,131,autre,2025-09-25
1020,31203,129,autre,2025-06-25
1021,4329,147,ne_correspond_pas,2025-11-06
1022,4429,80,defectueux,2025-11-15
1023,37186,87,autre,2025-10-06
1024,22584,110,defectueux,2025-09-20
1025,592,179,defectueux,2026-04-05
1026,42603,25,mauvaise_taille,2025-12-23
1027,8627,156,defectueux,2025-05-11
1028,30284,74,ne_correspond_pas,2025-12-25
1029,36093,24,defectueux,2025-10-16
1030,48941,137,mauvaise_taille,2025-05-08
1031,37648,54,defectueux,2026-04-15
1032,27384,11,defectueux,2025-09-11
1033,25236,95,ne_correspond_pas,2025-10-25
1034,40276,33,ne_correspond_pas,2025-07-09
1035,46681,166,autre,2026-04-24
1036,4683,105,defectueux,2026-02-11
1037,47676,112,autre,2025-09-12
1038,33248,133,defectueux,2026-02-25
1039,49379,32,mauvaise_taille,2025-07-13
1040,14190,21,ne_correspond_pas,2025-06-06
1041,6905,156,defectueux,2025-11-28
1042,13994,3,ne_correspond_pas,2025-05-03
1043,13750,67,autre,2026-02-22
1044,4320,49,autre,2026-03-24
1045,48512,33,ne_correspond_pas,2025-07-31
1046,41729,188,defectueux,2025-12-24
1047,28967,106,defectueux,2026-02-09
1048,17597,138,autre,2025-09-02
1049,16475,37,defectueux,2026-01-10
1050,21420,133,defectueux,2025-05-13
1051,26098,116,defectueux,2025-07-14
1052,47390,62,defectueux,2025-12-08
1053,16122,36,defectueux,2026-02-07
1054,11647,55,autre,2026-03-22
1055,49184,39,ne_correspond_pas,2026-04-23
1056,11095,172,mauvaise_taille,2025-11-11
1057,2244,176,defectueux,2025-09-25
1058,41223,31,ne_correspond_pas,2025-09-21
1059,27312,164,ne_correspond_pas,2025-07-14
1060,3828,159,ne_correspond_pas,2026-02-10
1061,8511,95,mauvaise_taille,2025-07-20
1062,32238,77,mauvaise_taille,2025-10-28
1063,47083,34,defectueux,2025-08-22
1064,4755,196,defectueux,2026-03-08
1065,1866,30,ne_correspond_pas,2026-02-15
1066,40266,108,ne_correspond_pas,2025-08-26
1067,11341,170,autre,2025-10-09
1068,26242,9,defectueux,2026-02-26
1069,12151,192,mauvaise_taille,2026-03-21
1070,21257,3,autre,2025-09-07
1071,12510,182,autre,2025-10-15
1072,28882,177,defectueux,2025-11-26
1073,45606,31,defectueux,2025-10-22
1074,22028,118,ne_correspond_pas,2025-11-07
1075,46238,184,ne_correspond_pas,2026-02-22
1076,26650,81,mauvaise_taille,2025-06-05
1077,36761,130,defectueux,2025-10-11
1078,5156,72,mauvaise_taille,2025-08-17
1079,46896,17,autre,2025-09-02
1080,1480,110,mauvaise_taille,2025-12-09
1081,7629,73,autre,2025-09-16
1082,43335,192,ne_correspond_pas,2025-12-26
1083,46911,173,defectueux,2025-09-22
1084,45001,43,mauvaise_taille,2026-03-06
1085,36167,145,ne_correspond_pas,2025-10-11
1086,39293,92,defectueux,2026-03-26
1087,1407,110,ne_correspond_pas,2025-12-15
1088,225,159,autre,2025-09-06
1089,21476,149,autre,2026-03-31
1090,25233,72,ne_correspond_pas,2025-05-01
1091,30475,149,mauvaise_taille,2025-09-04
1092,32361,9,mauvaise_taille,2026-01-21
1093,7399,13,mauvaise_taille,2026-01-04
1094,13005,76,autre,2025-09-14
1095,40175,188,autre,2025-11-24
1096,32458,123,ne_correspond_pas,2025-08-20
1097,3584,100,autre,2025-07-29
1098,26565,29,ne_correspond_pas,2025-05-17
1099,6121,106,ne_correspond_pas,2025-07-23
1100,14975,169,mauvaise_taille,2026-03-25
1101,6343,198,autre,2026-02-21
1102,581,80,ne_correspond_pas,2026-03-27
1103,38364,102,defectueux,2025-12-15
1104,18490,137,autre,2026-03-05
1105,28151,31,autre,2025-10-05
1106,10615,46,mauvaise_taille,2025-05-29
1107,45918,183,defectueux,2025-07-29
1108,39137,192,autre,2025-05-08
1109,3845,172,mauvaise_taille,2026-04-17
1110,12136,173,defectueux,2026-01-11
1111,32654,139,mauvaise_taille,2025-05-19
1112,10040,160,mauvaise_taille,2026-02-22
1113,40685,176,mauvaise_taille,2025-05-12
1114,31245,109,mauvaise_taille,2025-11-29
1115,15854,58,defectueux,2026-02-09
1116,1697,62,mauvaise_taille,2025-09-17
1117,21355,66,defectueux,2025-11-12
1118,36411,183,ne_correspond_pas,2025-05-11
1119,25710,34,mauvaise_taille,2025-11-08
1120,31350,102,autre,2025-11-02
1121,16234,142,autre,2026-02-16
1122,25794,173,mauvaise_taille,2025-12-09
1123,23627,183,ne_correspond_pas,2025-05-13
1124,3263,187,ne_correspond_pas,2026-01-30
1125,42663,106,ne_correspond_pas,2025-09-15
1126,44044,86,defectueux,2025-12-03
1127,9646,27,autre,2025-12-14
1128,19254,50,defectueux,2025-12-24
1129,10501,94,defectueux,2025-06-01
1130,18626,54,ne_correspond_pas,2025-06-02
1131,4766,99,mauvaise_taille,2026-04-27
1132,45908,140,defectueux,2026-01-18
1133,10699,111,ne_correspond_pas,2025-12-18
1134,27344,45,mauvaise_taille,2025-05-30
1135,10658,163,defectueux,2025-11-30
1136,9405,183,autre,2026-03-03
1137,26339,147,autre,2026-02-23
1138,14191,26,ne_correspond_pas,2025-08-31
1139,31714,21,autre,2025-06-28
1140,30001,200,defectueux,2025-06-25
1141,41275,147,ne_correspond_pas,2025-06-09
1142,30197,132,ne_correspond_pas,2025-08-19
1143,25375,10,ne_correspond_pas,2025-11-18
1144,38287,18,autre,2025-07-27
1145,38807,40,mauvaise_taille,2025-08-14
1146,35345,52,mauvaise_taille,2025-10-11
1147,33645,44,autre,2025-12-12
1148,32387,126,autre,2025-07-04
1149,23324,96,ne_correspond_pas,2026-03-01
1150,42521,195,autre,2026-04-03
1151,8849,17,defectueux,2026-04-27
1152,21109,130,autre,2026-04-05
1153,4571,21,ne_correspond_pas,2026-01-14
1154,25944,170,ne_correspond_pas,2026-03-09
1155,27329,138,mauvaise_taille,2025-12-06
1156,37571,140,defectueux,2026-01-13
1157,9109,180,autre,2025-07-23
1158,46002,167,autre,2025-09-21
1159,22295,5,autre,2025-05-30
1160,23722,176,ne_correspond_pas,2025-06-23
1161,32925,160,ne_correspond_pas,2025-12-22
1162,779,44,autre,2025-12-30
1163,6101,101,ne_correspond_pas,2025-12-17
1164,6884,72,autre,2025-07-22
1165,46604,189,autre,2025-04-27
1166,32955,154,defectueux,2025-08-01
1167,7574,196,autre,2025-08-23
1168,19014,174,autre,2026-04-07
1169,48929,169,autre,2025-08-12
1170,42309,147,autre,2025-05-27
1171,36048,9,defectueux,2026-03-31
1172,34963,117,ne_correspond_pas,2025-10-09
1173,31191,168,mauvaise_taille,2025-09-29
1174,26207,141,defectueux,2025-06-09
1175,42635,41,defectueux,2025-06-11
1176,45123,142,autre,2025-11-14
1177,37112,146,defectueux,2025-09-11
1178,20287,87,ne_correspond_pas,2025-08-31
1179,15511,119,autre,2026-03-14
1180,11102,101,ne_correspond_pas,2025-12-19
1181,47640,16,autre,2026-04-13
1182,6968,99,mauvaise_taille,2025-12-04
1183,27400,102,mauvaise_taille,2026-04-16
1184,5088,157,defectueux,2026-02-09
1185,18648,169,ne_correspond_pas,2025-05-27
1186,25150,127,autre,2026-03-12
1187,25436,32,ne_correspond_pas,2025-05-13
1188,32558,32,defectueux,2025-06-20
1189,721,171,mauvaise_taille,2025-07-18
1190,13426,106,ne_correspond_pas,2025-06-14
1191,19462,17,mauvaise_taille,2026-04-27
1192,18518,70,mauvaise_taille,2026-04-13
1193,4744,55,defectueux,2026-02-25
1194,33779,148,defectueux,2025-07-30
1195,43360,23,mauvaise_taille,2026-04-23
1196,1432,138,mauvaise_taille,2026-01-17
1197,3636,50,ne_correspond_pas,2025-12-25
1198,2235,121,ne_correspond_pas,2025-12-09
1199,14520,1,mauvaise_taille,2025-12-23
1200,12925,7,autre,2025-09-21
1201,5871,140,defectueux,2026-02-04
1202,4798,96,ne_correspond_pas,2025-06-12
1203,23720,23,defectueux,2026-02-05
1204,13847,162,autre,2026-04-12
1205,5964,117,ne_correspond_pas,2025-12-19
1206,10365,133,autre,2025-11-11
1207,27913,76,ne_correspond_pas,2026-01-07
1208,31511,149,autre,2025-10-13
1209,1340,54,ne_correspond_pas,2025-10-20
1210,44698,102,autre,2025-06-25
1211,3579,92,mauvaise_taille,2026-03-20
1212,41628,172,defectueux,2025-10-20
1213,49501,68,mauvaise_taille,2025-08-07
1214,1530,29,autre,2025-08-06
1215,43020,159,ne_correspond_pas,2025-06-10
1216,3534,189,autre,2025-07-20
1217,25177,77,defectueux,2025-10-29
1218,33000,166,autre,2025-11-03
1219,20524,20,ne_correspond_pas,2025-11-24
1220,41230,3,ne_correspond_pas,2025-07-03
1221,530,1,ne_correspond_pas,2025-08-29
1222,47479,10,autre,2025-09-10
1223,5403,38,defectueux,2025-10-30
1224,48537,194,ne_correspond_pas,2026-02-24
1225,24558,137,mauvaise_taille,2026-02-11
1226,27522,33,mauvaise_taille,2025-12-24
1227,49491,48,autre,2026-02-22
1228,17644,129,defectueux,2025-07-26
1229,10901,166,autre,2025-07-18
1230,34310,66,autre,2026-01-04
1231,26862,158,mauvaise_taille,2025-09-06
1232,35392,145,mauvaise_taille,2025-08-31
1233,8875,173,autre,2025-08-19
1234,16247,109,mauvaise_taille,2025-08-17
1235,33404,156,defectueux,2025-12-19
1236,38844,119,ne_correspond_pas,2026-03-09
1237,11188,2,ne_correspond_pas,2025-08-06
1238,24109,145,autre,2025-12-17
1239,8538,188,defectueux,2026-02-11
1240,2911,83,autre,2025-07-20
1241,13435,41,mauvaise_taille,2025-11-04
1242,23123,200,defectueux,2026-03-18
1243,38145,200,mauvaise_taille,2026-02-09
1244,38770,132,defectueux,2025-05-30
1245,49241,182,defectueux,2025-10-28
1246,628,4,defectueux,2026-03-19
1247,40635,46,defectueux,2025-10-15
1248,47763,178,mauvaise_taille,2025-09-18
1249,5352,180,mauvaise_taille,2025-09-19
1250,271,16,defectueux,2026-01-15
1251,22897,58,mauvaise_taille,2025-07-11
1252,19420,45,mauvaise_taille,2025-09-19
1253,22833,189,ne_correspond_pas,2025-10-11
1254,39741,195,mauvaise_taille,2025-12-30
1255,9847,42,ne_correspond_pas,2025-06-22
1256,28489,143,mauvaise_taille,2025-08-29
1257,3044,123,autre,2026-04-27
1258,22449,88,autre,2025-08-10
1259,15751,69,mauvaise_taille,2025-05-23
1260,9102,148,ne_correspond_pas,2025-06-04
1261,47903,97,defectueux,2026-02-05
1262,30711,200,autre,2026-02-01
1263,6185,173,autre,2026-01-08
1264,23812,122,mauvaise_taille,2025-11-23
1265,37948,41,defectueux,2026-02-15
1266,5643,86,ne_correspond_pas,2026-04-19
1267,36907,199,ne_correspond_pas,2025-09-10
1268,30407,35,defectueux,2025-11-14
1269,4884,143,defectueux,2026-02-15
1270,17897,59,defectueux,2025-08-15
1271,18554,112,mauvaise_taille,2025-08-17
1272,5814,118,mauvaise_taille,2025-05-23
1273,25981,105,autre,2026-01-17
1274,17189,107,autre,2025-07-17
1275,23613,155,autre,2025-10-24
1276,15194,105,mauvaise_taille,2025-05-16
1277,5650,70,autre,2025-10-14
1278,30641,48,defectueux,2025-08-03
1279,29229,195,defectueux,2025-09-18
1280,32574,170,mauvaise_taille,2025-12-18
1281,8078,186,autre,2025-09-12
1282,21007,136,mauvaise_taille,2025-11-21
1283,1291,119,autre,2026-04-23
1284,17775,30,autre,2025-11-24
1285,31798,89,defectueux,2026-01-11
1286,28686,149,autre,2026-01-19
1287,9430,45,ne_correspond_pas,2025-12-08
1288,44820,179,mauvaise_taille,2025-05-08
1289,42957,55,defectueux,2025-10-18
1290,49972,180,ne_correspond_pas,2025-08-11
1291,16302,39,defectueux,2025-06-20
1292,5115,145,ne_correspond_pas,2025-12-04
1293,25463,53,autre,2026-04-08
1294,40829,138,ne_correspond_pas,2025-12-26
1295,35814,128,ne_correspond_pas,2026-04-08
1296,17059,73,mauvaise_taille,2026-02-09
1297,5356,144,mauvaise_taille,2026-02-08
1298,2023,185,mauvaise_taille,2025-08-01
1299,23065,25,ne_correspond_pas,2025-09-13
1300,43990,40,autre,2026-01-18
1301,6289,108,ne_correspond_pas,2025-11-09
1302,39341,139,ne_correspond_pas,2025-10-31
1303,11964,2,autre,2025-12-31
1304,11831,77,mauvaise_taille,2025-05-03
1305,38485,28,autre,2025-06-02
1306,40960,173,mauvaise_taille,2025-11-04
1307,30750,147,ne_correspond_pas,2026-03-08
1308,25743,109,mauvaise_taille,2026-04-23
1309,2093,123,defectueux,2025-05-11
1310,9416,127,ne_correspond_pas,2025-06-08
1311,31072,176,ne_correspond_pas,2026-04-13
1312,8125,79,defectueux,2025-07-21
1313,39304,176,autre,2025-09-16
1314,15242,131,mauvaise_taille,2025-05-26
1315,28951,76,ne_correspond_pas,2025-11-15
1316,11182,1,ne_correspond_pas,2025-08-26
1317,12588,193,autre,2025-12-22
1318,41628,158,defectueux,2025-10-25
1319,48489,157,autre,2025-12-03
1320,49929,13,defectueux,2026-03-21
1321,44247,101,ne_correspond_pas,2025-07-07
1322,34664,90,autre,2025-09-21
1323,246,169,mauvaise_taille,2025-10-07
1324,16964,38,mauvaise_taille,2025-07-02
1325,96,58,ne_correspond_pas,2025-05-23
1326,574,185,mauvaise_taille,2025-12-18
1327,321,51,ne_correspond_pas,2025-08-15
1328,13010,54,autre,2026-02-05
1329,43687,72,autre,2025-05-14
1330,4181,199,ne_correspond_pas,2026-02-19
1331,4665,15,ne_correspond_pas,2025-10-23
1332,28352,19,mauvaise_taille,2025-09-09
1333,37027,157,ne_correspond_pas,2025-10-31
1334,49076,183,mauvaise_taille,2025-12-19
1335,47608,15,defectueux,2025-12-12
1336,18176,180,defectueux,2026-04-07
1337,11181,130,autre,2025-11-25
1338,7195,44,defectueux,2026-01-12
1339,47726,134,defectueux,2025-12-23
1340,12738,84,autre,2026-04-01
1341,2272,95,ne_correspond_pas,2025-08-15
1342,20608,181,autre,2025-10-08
1343,25680,101,ne_correspond_pas,2025-07-09
1344,41030,13,autre,2025-08-28
1345,16274,104,autre,2025-10-05
1346,43692,142,defectueux,2025-07-17
1347,48714,137,defectueux,2025-06-13
1348,44142,143,mauvaise_taille,2025-12-15
1349,36728,81,autre,2026-02-05
1350,15516,45,ne_correspond_pas,2025-09-07
1351,25957,60,ne_correspond_pas,2025-09-28
1352,9233,62,autre,2025-08-31
1353,47756,110,ne_correspond_pas,2025-12-06
1354,49036,37,autre,2025-05-26
1355,3408,23,mauvaise_taille,2025-10-01
1356,15914,147,mauvaise_taille,2025-12-10
1357,33591,92,ne_correspond_pas,2026-01-31
1358,37994,1,defectueux,2025-08-17
1359,43115,123,mauvaise_taille,2026-03-30
1360,44031,156,defectueux,2025-07-11
1361,46271,141,mauvaise_taille,2025-07-28
1362,33484,83,ne_correspond_pas,2025-10-19
1363,2213,98,autre,2025-07-28
1364,17863,130,autre,2025-08-27
1365,13051,105,defectueux,2026-01-21
1366,48455,191,defectueux,2025-10-02
1367,34384,21,defectueux,2025-08-21
1368,33352,27,autre,2025-10-23
1369,9152,123,defectueux,2025-05-09
1370,11257,165,autre,2026-03-04
1371,15126,64,autre,2025-12-25
1372,25599,94,defectueux,2025-11-29
1373,15312,10,mauvaise_taille,2025-07-17
1374,46594,172,mauvaise_taille,2025-10-18
1375,3441,27,autre,2025-12-29
1376,7135,85,mauvaise_taille,2025-04-29
1377,8823,126,mauvaise_taille,2025-08-31
1378,45584,65,mauvaise_taille,2026-01-06
1379,8708,189,ne_correspond_pas,2025-10-25
1380,41196,38,mauvaise_taille,2025-07-17
1381,46890,45,autre,2025-09-11
1382,43040,132,autre,2025-09-16
1383,14746,149,mauvaise_taille,2025-10-27
1384,12613,141,ne_correspond_pas,2025-08-12
1385,46321,28,defectueux,2025-07-05
1386,34773,134,mauvaise_taille,2025-05-27
1387,46998,106,ne_correspond_pas,2025-11-25
1388,42575,179,ne_correspond_pas,2025-07-22
1389,13645,63,defectueux,2025-05-04
1390,38420,96,ne_correspond_pas,2026-03-15
1391,30367,43,ne_correspond_pas,2025-06-08
1392,47090,183,ne_correspond_pas,2026-03-25
1393,6434,23,autre,2025-11-30
1394,3826,48,defectueux,2025-11-02
1395,31514,168,mauvaise_taille,2025-10-16
1396,31467,119,mauvaise_taille,2026-01-05
1397,9279,73,defectueux,2025-12-01
1398,17578,10,autre,2026-01-30
1399,23267,71,mauvaise_taille,2025-06-21
1400,23680,121,defectueux,2025-05-13
1401,34010,8,autre,2025-09-26
1402,47446,129,ne_correspond_pas,2026-04-22
1403,23523,62,mauvaise_taille,2025-06-15
1404,46023,36,mauvaise_taille,2025-09-27
1405,29369,169,autre,2025-08-14
1406,32286,86,mauvaise_taille,2025-09-27
1407,26764,182,defectueux,2025-06-24
1408,23887,92,mauvaise_taille,2025-10-23
1409,21781,79,defectueux,2026-01-07
1410,4411,185,mauvaise_taille,2025-06-19
1411,7240,189,mauvaise_taille,2025-11-07
1412,1843,37,autre,2025-05-03
1413,47057,1,mauvaise_taille,2026-03-15
1414,42705,111,mauvaise_taille,2025-07-07
1415,59,131,autre,2025-10-20
1416,27982,164,mauvaise_taille,2026-02-23
1417,12161,123,defectueux,2025-10-23
1418,2849,169,defectueux,2026-04-10
1419,25635,82,defectueux,2025-05-07
1420,31678,52,autre,2026-02-08
1421,37068,170,ne_correspond_pas,2026-04-23
1422,26097,18,ne_correspond_pas,2026-03-12
1423,11684,123,autre,2025-06-02
1424,27004,192,ne_correspond_pas,2025-05-21
1425,31564,53,autre,2025-11-18
1426,31512,91,ne_correspond_pas,2025-12-28
1427,20671,79,mauvaise_taille,2025-12-16
1428,8369,3,mauvaise_taille,2025-10-07
1429,29497,14,defectueux,2025-05-05
1430,37995,6,mauvaise_taille,2025-08-16
1431,20948,52,autre,2025-10-05
1432,35653,77,mauvaise_taille,2025-08-12
1433,5556,43,ne_correspond_pas,2025-09-28
1434,11293,112,ne_correspond_pas,2025-06-05
1435,32864,7,autre,2025-04-29
1436,41285,97,mauvaise_taille,2025-10-10
1437,20981,171,mauvaise_taille,2025-09-07
1438,37671,94,defectueux,2026-03-04
1439,25357,80,defectueux,2026-02-13
1440,14890,156,mauvaise_taille,2025-08-31
1441,44996,134,defectueux,2025-09-21
1442,48428,183,ne_correspond_pas,2025-06-13
1443,10054,94,ne_correspond_pas,2026-01-04
1444,9528,155,defectueux,2025-10-11
1445,32349,101,mauvaise_taille,2025-07-29
1446,8429,135,mauvaise_taille,2025-07-03
1447,26738,15,mauvaise_taille,2026-03-07
1448,13848,1,defectueux,2025-07-04
1449,35426,93,ne_correspond_pas,2025-12-07
1450,38317,174,defectueux,2025-08-30
1451,20963,181,autre,2026-02-11
1452,10984,109,defectueux,2025-09-17
1453,21859,158,autre,2025-05-11
1454,10060,106,defectueux,2026-02-01
1455,23076,198,defectueux,2026-03-31
1456,44401,171,autre,2026-02-03
1457,18009,115,mauvaise_taille,2025-07-23
1458,30722,184,mauvaise_taille,2026-04-18
1459,15890,75,autre,2026-03-26
1460,20302,90,ne_correspond_pas,2025-12-09
1461,43733,16,mauvaise_taille,2025-06-22
1462,13201,183,ne_correspond_pas,2025-09-04
1463,31171,117,mauvaise_taille,2025-08-27
1464,16,110,defectueux,2026-03-30
1465,26963,76,autre,2026-04-21
1466,7155,101,autre,2025-09-21
1467,47873,192,ne_correspond_pas,2025-06-28
1468,27287,181,defectueux,2026-01-10
1469,47808,129,mauvaise_taille,2025-08-16
1470,46153,176,mauvaise_taille,2026-02-25
1471,47970,103,autre,2026-03-26
1472,19954,82,autre,2025-11-25
1473,23701,125,ne_correspond_pas,2025-08-10
1474,21529,199,mauvaise_taille,2025-10-24
1475,21521,192,defectueux,2025-07-21
1476,15162,164,mauvaise_taille,2025-10-20
1477,11316,127,autre,2026-01-18
1478,28558,58,mauvaise_taille,2026-02-19
1479,18131,34,mauvaise_taille,2025-06-21
1480,142,184,mauvaise_taille,2026-03-25
1481,13845,158,ne_correspond_pas,2025-10-08
1482,29928,180,autre,2026-01-18
1483,47734,100,autre,2026-01-03
1484,20360,128,ne_correspond_pas,2026-04-07
1485,34995,72,autre,2025-09-17
1486,13809,153,defectueux,2026-04-19
1487,12231,59,mauvaise_taille,2026-02-08
1488,37336,125,autre,2025-10-24
1489,41306,128,mauvaise_taille,2026-01-03
1490,49325,173,mauvaise_taille,2025-06-22
1491,7813,189,mauvaise_taille,2026-04-23
1492,27845,172,ne_correspond_pas,2025-10-15
1493,49633,133,autre,2025-06-26
1494,19893,95,defectueux,2025-06-01
1495,21410,176,ne_correspond_pas,2025-07-12
1496,17819,66,ne_correspond_pas,2026-02-07
1497,47913,117,autre,2026-03-08
1498,15481,200,autre,2025-09-05
1499,49499,31,ne_correspond_pas,2025-08-11
1500,38924,134,mauvaise_taille,2026-03-21
1501,48921,196,ne_correspond_pas,2025-06-05
1502,10732,148,ne_correspond_pas,2026-02-02
1503,17197,6,ne_correspond_pas,2025-09-08
1504,46081,20,mauvaise_taille,2026-04-23
1505,6775,152,mauvaise_taille,2026-02-03
1506,46464,43,ne_correspond_pas,2026-02-18
1507,1795,165,autre,2026-03-30
1508,34078,45,autre,2026-02-03
1509,3326,119,ne_correspond_pas,2025-08-13
1510,19247,180,ne_correspond_pas,2026-03-15
1511,44972,5,autre,2025-08-19
1512,8488,92,ne_correspond_pas,2025-10-04
1513,1837,91,defectueux,2026-01-02
1514,48845,164,ne_correspond_pas,2025-12-18
1515,10846,104,mauvaise_taille,2025-06-10
1516,30949,109,mauvaise_taille,2025-10-03
1517,24503,138,autre,2025-11-12
1518,40846,61,mauvaise_taille,2026-02-14
1519,25885,150,autre,2026-03-16
1520,42300,68,defectueux,2026-01-09
1521,2947,87,mauvaise_taille,2025-05-29
1522,49784,2,mauvaise_taille,2026-01-02
1523,28767,76,defectueux,2025-12-28
1524,10289,21,mauvaise_taille,2025-09-14
1525,42456,41,mauvaise_taille,2025-10-20
1526,30042,130,ne_correspond_pas,2025-12-27
1527,24238,32,ne_correspond_pas,2026-02-12
1528,41137,75,mauvaise_taille,2025-08-14
1529,33090,78,autre,2025-06-16
1530,38534,150,ne_correspond_pas,2025-11-28
1531,22069,108,defectueux,2026-02-26
1532,28028,109,ne_correspond_pas,2025-06-12
1533,4608,130,mauvaise_taille,2026-01-22
1534,18352,171,autre,2025-08-22
1535,28506,119,autre,2025-10-19
1536,23391,188,defectueux,2025-08-10
1537,40479,150,ne_correspond_pas,2025-12-13
1538,45741,9,autre,2025-12-29
1539,426,65,autre,2026-03-04
1540,12436,107,mauvaise_taille,2025-11-09
1541,40388,71,ne_correspond_pas,2025-10-30
1542,3856,6,autre,2025-06-02
1543,35643,151,defectueux,2025-09-27
1544,8572,126,defectueux,2025-06-01
1545,2624,93,ne_correspond_pas,2025-06-27
1546,14696,161,autre,2026-03-26
1547,22842,88,mauvaise_taille,2026-01-16
1548,6778,77,autre,2025-09-02
1549,11172,53,autre,2025-11-21
1550,36158,113,defectueux,2026-01-31
1551,20062,134,autre,2025-08-23
1552,2590,70,defectueux,2025-09-10
1553,47677,68,autre,2026-04-26
1554,37615,66,defectueux,2025-07-21
1555,42750,146,mauvaise_taille,2025-11-21
1556,38587,192,mauvaise_taille,2025-07-10
1557,39366,25,mauvaise_taille,2026-02-01
1558,4408,144,defectueux,2025-05-17
1559,22515,83,autre,2025-05-04
1560,1141,108,mauvaise_taille,2025-06-12
1561,41709,119,defectueux,2025-08-13
1562,17580,121,mauvaise_taille,2025-09-23
1563,29363,55,autre,2026-04-10
1564,30554,9,ne_correspond_pas,2025-06-13
1565,35585,118,defectueux,2026-03-13
1566,48389,100,mauvaise_taille,2025-12-20
1567,7728,161,autre,2025-10-25
1568,11379,172,mauvaise_taille,2026-03-20
1569,2826,2,defectueux,2025-10-30
1570,41537,30,autre,2025-12-18
1571,26068,96,defectueux,2025-11-19
1572,19703,6,autre,2026-03-24
1573,43742,62,mauvaise_taille,2025-12-27
1574,10251,64,defectueux,2025-07-07
1575,43846,33,autre,2026-02-04
1576,6397,165,autre,2025-05-11
1577,17189,180,defectueux,2025-05-22
1578,11516,123,defectueux,2025-10-16
1579,17739,165,mauvaise_taille,2025-05-14
1580,35507,50,mauvaise_taille,2026-04-17
1581,44864,90,ne_correspond_pas,2025-08-18
1582,31671,143,mauvaise_taille,2025-10-02
1583,30571,77,autre,2026-03-30
1584,26249,26,autre,2025-08-16
1585,18324,36,defectueux,2025-12-26
1586,66,94,defectueux,2025-12-18
1587,21514,197,mauvaise_taille,2025-05-25
1588,17739,3,defectueux,2025-09-03
1589,41302,192,ne_correspond_pas,2026-03-09
1590,45418,112,autre,2025-05-12
1591,48923,130,mauvaise_taille,2025-12-02
1592,636,50,autre,2025-07-03
1593,2909,66,defectueux,2025-07-19
1594,41792,142,mauvaise_taille,2025-05-27
1595,23420,18,ne_correspond_pas,2025-08-12
1596,11716,110,autre,2025-07-12
1597,15007,154,ne_correspond_pas,2025-12-15
1598,21943,37,defectueux,2025-09-05
1599,20744,181,ne_correspond_pas,2025-10-17
1600,15112,100,ne_correspond_pas,2025-08-30
1601,2058,159,ne_correspond_pas,2026-04-07
1602,26249,105,autre,2026-04-15
1603,14119,99,ne_correspond_pas,2025-07-18
1604,9400,162,autre,2026-04-07
1605,31062,11,ne_correspond_pas,2026-04-09
1606,39269,118,mauvaise_taille,2026-02-12
1607,20116,199,defectueux,2026-01-07
1608,42690,3,defectueux,2025-06-15
1609,35936,48,ne_correspond_pas,2025-10-17
1610,26514,164,mauvaise_taille,2025-09-29
1611,25060,60,defectueux,2025-11-12
1612,8631,50,mauvaise_taille,2026-03-05
1613,36267,51,ne_correspond_pas,2025-09-26
1614,38805,139,autre,2026-04-24
1615,24558,169,ne_correspond_pas,2026-01-26
1616,10772,55,defectueux,2025-06-03
1617,30292,131,ne_correspond_pas,2026-02-17
1618,32243,5,ne_correspond_pas,2025-10-07
1619,26872,61,defectueux,2025-09-06
1620,3619,118,autre,2025-12-30
1621,39064,112,ne_correspond_pas,2025-10-08
1622,42068,138,mauvaise_taille,2025-08-30
1623,41962,80,autre,2025-07-16
1624,25262,141,ne_correspond_pas,2025-11-04
1625,34854,92,defectueux,2025-05-09
1626,471,158,defectueux,2025-12-01
1627,23446,1,defectueux,2025-08-27
1628,41078,33,defectueux,2026-01-01
1629,21518,189,mauvaise_taille,2026-04-21
1630,31437,81,defectueux,2026-01-11
1631,6308,153,autre,2026-04-25
1632,3897,170,mauvaise_taille,2025-09-20
1633,28664,156,mauvaise_taille,2025-09-28
1634,9872,113,ne_correspond_pas,2025-08-16
1635,4569,53,autre,2025-09-24
1636,22757,28,ne_correspond_pas,2025-07-25
1637,33829,117,mauvaise_taille,2026-01-25
1638,8816,74,mauvaise_taille,2025-05-07
1639,26804,76,ne_correspond_pas,2025-08-13
1640,40723,123,autre,2025-11-22
1641,39102,149,autre,2025-11-27
1642,46219,102,ne_correspond_pas,2026-03-14
1643,6379,139,ne_correspond_pas,2026-04-06
1644,14020,45,autre,2025-07-18
1645,23433,169,defectueux,2026-02-14
1646,10204,119,mauvaise_taille,2026-04-17
1647,803,51,autre,2026-02-15
1648,16632,126,autre,2025-12-24
1649,29102,163,autre,2025-06-10
1650,774,19,mauvaise_taille,2026-01-29
1651,20663,94,defectueux,2025-07-11
1652,32144,92,defectueux,2025-07-03
1653,27128,185,mauvaise_taille,2025-05-22
1654,26459,27,defectueux,2025-08-02
1655,26827,98,ne_correspond_pas,2026-01-24
1656,33345,194,ne_correspond_pas,2025-05-08
1657,13698,16,defectueux,2026-02-19
1658,2893,65,autre,2025-12-29
1659,4199,38,mauvaise_taille,2026-03-30
1660,2228,190,ne_correspond_pas,2026-01-29
1661,41923,97,mauvaise_taille,2025-05-05
1662,11700,108,defectueux,2026-04-05
1663,35927,112,mauvaise_taille,2025-08-18
1664,30350,17,mauvaise_taille,2026-04-19
1665,1246,70,defectueux,2025-07-11
1666,2299,119,mauvaise_taille,2025-09-03
1667,8602,28,mauvaise_taille,2025-06-17
1668,37999,34,ne_correspond_pas,2025-09-11
1669,17652,21,ne_correspond_pas,2025-12-20
1670,14940,188,ne_correspond_pas,2026-02-15
1671,2845,7,autre,2025-08-18
1672,40309,188,mauvaise_taille,2025-05-01
1673,21907,100,mauvaise_taille,2025-12-04
1674,39360,7,ne_correspond_pas,2025-08-27
1675,20839,55,mauvaise_taille,2025-10-21
1676,27769,74,autre,2025-11-06
1677,41665,52,autre,2025-10-07
1678,34539,94,defectueux,2026-03-31
1679,36137,142,autre,2025-12-09
1680,22049,89,mauvaise_taille,2025-09-16
1681,31188,51,mauvaise_taille,2025-07-09
1682,42085,115,ne_correspond_pas,2025-11-21
1683,48294,109,defectueux,2025-07-20
1684,736,8,mauvaise_taille,2025-05-19
1685,48411,123,mauvaise_taille,2025-11-24
1686,42092,108,ne_correspond_pas,2025-06-15
1687,20443,64,ne_correspond_pas,2025-07-29
1688,6405,143,ne_correspond_pas,2025-04-29
1689,47879,116,mauvaise_taille,2025-09-02
1690,26438,167,defectueux,2026-03-24
1691,17487,173,autre,2025-12-27
1692,27459,100,ne_correspond_pas,2025-12-19
1693,29411,8,autre,2025-08-08
1694,19077,183,ne_correspond_pas,2026-03-30
1695,39743,125,autre,2025-12-05
1696,40689,120,ne_correspond_pas,2025-06-29
1697,22772,123,ne_correspond_pas,2025-06-23
1698,2117,146,defectueux,2025-05-05
1699,30508,32,defectueux,2025-08-12
1700,29982,158,ne_correspond_pas,2025-08-17
1701,42935,110,ne_correspond_pas,2025-07-10
1702,29509,131,autre,2025-08-16
1703,15736,171,defectueux,2026-03-03
1704,47347,93,mauvaise_taille,2025-04-29
1705,22410,1,ne_correspond_pas,2025-10-16
1706,32003,147,defectueux,2025-12-17
1707,2559,141,autre,2025-06-03
1708,6240,40,autre,2026-02-05
1709,35646,192,autre,2026-03-21
1710,37649,122,ne_correspond_pas,2026-03-13
1711,46377,131,defectueux,2025-09-02
1712,16471,55,mauvaise_taille,2025-07-31
1713,28803,76,mauvaise_taille,2026-01-18
1714,495,10,ne_correspond_pas,2025-12-25
1715,26139,191,mauvaise_taille,2025-07-28
1716,49375,27,mauvaise_taille,2025-09-30
1717,37087,97,mauvaise_taille,2025-06-07
1718,41718,100,defectueux,2025-12-08
1719,48606,96,autre,2026-03-21
1720,18611,22,defectueux,2026-02-01
1721,39080,98,defectueux,2026-03-28
1722,49589,18,defectueux,2025-11-04
1723,23490,129,ne_correspond_pas,2025-11-26
1724,16758,150,mauvaise_taille,2026-01-18
1725,2119,89,defectueux,2026-02-11
1726,32131,64,defectueux,2025-12-31
1727,11777,133,defectueux,2025-12-27
1728,37666,18,autre,2025-11-01
1729,16953,153,ne_correspond_pas,2025-05-11
1730,25521,95,autre,2026-02-22
1731,26278,152,autre,2025-09-16
1732,4860,160,mauvaise_taille,2025-05-31
1733,356,162,defectueux,2025-12-05
1734,18402,9,defectueux,2025-09-01
1735,42673,61,autre,2025-10-27
1736,22895,200,autre,2025-11-17
1737,40656,7,autre,2026-02-02
1738,30831,85,ne_correspond_pas,2025-04-28
1739,20285,98,autre,2025-10-27
1740,12437,52,defectueux,2025-06-30
1741,37409,177,ne_correspond_pas,2026-03-01
1742,46981,194,defectueux,2026-01-07
1743,13525,130,ne_correspond_pas,2026-03-25
1744,4510,35,ne_correspond_pas,2025-08-28
1745,49572,38,autre,2026-02-17
1746,42321,63,defectueux,2025-12-08
1747,21196,137,ne_correspond_pas,2025-07-25
1748,48762,166,ne_correspond_pas,2025-08-30
1749,40821,75,autre,2025-12-16
1750,18465,41,ne_correspond_pas,2026-04-11
1751,43297,148,ne_correspond_pas,2025-06-08
1752,28760,65,autre,2025-07-11
1753,42898,124,mauvaise_taille,2026-01-15
1754,44271,35,ne_correspond_pas,2026-03-29
1755,39126,49,autre,2025-07-20
1756,32215,145,ne_correspond_pas,2025-10-12
1757,9371,171,autre,2025-10-12
1758,28563,73,autre,2025-12-01
1759,42627,95,ne_correspond_pas,2026-02-09
1760,22930,143,defectueux,2025-04-29
1761,37471,147,defectueux,2025-10-22
1762,1024,22,ne_correspond_pas,2026-03-21
1763,5213,198,autre,2026-03-27
1764,28771,92,ne_correspond_pas,2025-06-25
1765,32536,16,mauvaise_taille,2025-06-25
1766,6170,182,defectueux,2025-06-19
1767,41040,39,mauvaise_taille,2025-06-20
1768,44973,82,mauvaise_taille,2026-04-20
1769,5075,120,mauvaise_taille,2025-12-27
1770,3710,143,mauvaise_taille,2025-08-04
1771,40203,79,defectueux,2025-11-18
1772,44349,126,autre,2026-02-16
1773,44923,130,mauvaise_taille,2025-12-26
1774,41284,127,ne_correspond_pas,2025-10-08
1775,2873,34,autre,2025-05-15
1776,30704,120,ne_correspond_pas,2025-06-02
1777,37687,70,defectueux,2025-12-26
1778,14299,67,mauvaise_taille,2026-01-25
1779,30574,196,autre,2025-11-18
1780,20385,162,ne_correspond_pas,2025-06-12
1781,11011,174,mauvaise_taille,2025-08-12
1782,22900,65,ne_correspond_pas,2025-08-12
1783,34027,140,ne_correspond_pas,2026-01-28
1784,48423,2,mauvaise_taille,2026-03-15
1785,44604,34,ne_correspond_pas,2025-08-23
1786,49847,26,autre,2025-08-15
1787,592,32,defectueux,2025-09-03
1788,2960,105,autre,2026-01-05
1789,7144,139,mauvaise_taille,2025-09-16
1790,18833,151,defectueux,2025-06-13
1791,34995,189,mauvaise_taille,2026-04-19
1792,11764,94,mauvaise_taille,2026-02-06
1793,41562,200,mauvaise_taille,2025-06-17
1794,10699,79,ne_correspond_pas,2026-03-21
1795,32424,4,defectueux,2026-03-25
1796,45817,24,autre,2025-05-05
1797,37851,153,defectueux,2025-08-11
1798,28690,160,mauvaise_taille,2026-01-11
1799,47395,23,ne_correspond_pas,2026-02-25
1800,9490,115,defectueux,2025-05-04
1801,43122,172,autre,2025-07-03
1802,41502,193,ne_correspond_pas,2025-11-09
1803,9756,63,ne_correspond_pas,2025-08-11
1804,47222,171,defectueux,2025-07-24
1805,38707,198,mauvaise_taille,2026-04-17
1806,47315,179,mauvaise_taille,2025-08-16
1807,3629,190,autre,2026-04-07
1808,14226,154,ne_correspond_pas,2025-10-24
1809,7752,10,mauvaise_taille,2025-11-30
1810,41540,196,defectueux,2026-02-06
1811,48319,112,ne_correspond_pas,2025-12-08
1812,39299,6,defectueux,2025-12-02
1813,4490,30,autre,2025-10-21
1814,20990,21,ne_correspond_pas,2026-03-09
1815,28007,82,defectueux,2025-05-19
1816,44079,26,mauvaise_taille,2025-12-02
1817,39611,112,ne_correspond_pas,2025-07-03
1818,4482,122,defectueux,2025-12-05
1819,9421,78,defectueux,2026-02-28
1820,33295,73,autre,2025-07-09
1821,20142,44,ne_correspond_pas,2026-02-01
1822,11137,78,ne_correspond_pas,2026-04-20
1823,8301,35,ne_correspond_pas,2025-11-26
1824,1518,177,defectueux,2025-12-11
1825,13224,177,defectueux,2025-05-17
1826,25180,172,ne_correspond_pas,2026-04-27
1827,37596,46,ne_correspond_pas,2026-01-22
1828,44378,119,mauvaise_taille,2026-03-13
1829,25683,98,autre,2025-09-07
1830,28147,88,defectueux,2026-04-10
1831,33438,99,mauvaise_taille,2025-10-29
1832,28606,50,mauvaise_taille,2026-03-21
1833,40506,170,ne_correspond_pas,2025-04-27
1834,44604,65,ne_correspond_pas,2025-09-22
1835,24338,47,ne_correspond_pas,2026-01-23
1836,49722,59,defectueux,2025-08-21
1837,36548,147,defectueux,2025-07-12
1838,49830,37,ne_correspond_pas,2026-01-19
1839,2179,19,defectueux,2025-09-20
1840,5595,130,defectueux,2025-12-03
1841,20487,141,defectueux,2025-09-01
1842,20177,126,mauvaise_taille,2025-10-17
1843,41585,106,autre,2025-09-20
1844,33698,76,mauvaise_taille,2025-12-12
1845,2023,56,defectueux,2026-01-17
1846,15378,176,autre,2025-06-18
1847,34073,118,mauvaise_taille,2026-04-08
1848,14157,100,ne_correspond_pas,2025-07-27
1849,7332,170,autre,2026-03-10
1850,20502,182,mauvaise_taille,2026-01-25
1851,18053,170,defectueux,2025-12-18
1852,7995,148,autre,2026-01-10
1853,29416,96,ne_correspond_pas,2026-03-22
1854,33698,76,defectueux,2026-04-13
1855,25505,13,ne_correspond_pas,2026-03-28
1856,47768,106,defectueux,2025-11-30
1857,18518,2,mauvaise_taille,2025-06-26
1858,33221,2,autre,2026-01-17
1859,10028,85,autre,2025-08-29
1860,5960,172,ne_correspond_pas,2026-04-04
1861,7964,140,autre,2026-04-16
1862,27682,74,defectueux,2026-01-21
1863,48901,54,autre,2026-04-05
1864,35367,97,ne_correspond_pas,2025-11-22
1865,35294,77,mauvaise_taille,2026-04-25
1866,11108,33,ne_correspond_pas,2025-08-17
1867,28230,99,defectueux,2025-05-07
1868,29730,138,ne_correspond_pas,2025-10-26
1869,42566,197,defectueux,2025-08-19
1870,24247,40,mauvaise_taille,2025-06-16
1871,2128,108,ne_correspond_pas,2025-09-18
1872,3144,176,defectueux,2025-12-20
1873,2631,143,defectueux,2026-03-15
1874,23200,58,mauvaise_taille,2025-09-22
1875,32705,157,ne_correspond_pas,2025-06-30
1876,36984,16,autre,2026-04-26
1877,20651,181,defectueux,2026-02-18
1878,26681,163,defectueux,2025-10-20
1879,26131,45,mauvaise_taille,2025-10-08
1880,38025,98,mauvaise_taille,2025-11-25
1881,25770,77,defectueux,2025-09-08
1882,43935,72,defectueux,2025-05-12
1883,16458,51,autre,2025-10-09
1884,25828,46,autre,2025-08-19
1885,8470,198,ne_correspond_pas,2025-05-16
1886,39698,98,autre,2025-08-17
1887,11059,127,autre,2026-02-10
1888,27464,119,defectueux,2026-01-06
1889,49740,188,ne_correspond_pas,2025-10-21
1890,41559,197,defectueux,2026-04-26
1891,18850,115,mauvaise_taille,2025-06-13
1892,10158,157,ne_correspond_pas,2025-08-06
1893,32332,93,ne_correspond_pas,2025-08-03
1894,2322,138,ne_correspond_pas,2025-06-13
1895,43689,20,autre,2025-05-31
1896,19447,121,mauvaise_taille,2025-05-08
1897,37649,86,autre,2026-03-28
1898,19432,102,mauvaise_taille,2025-07-28
1899,4284,129,defectueux,2025-08-16
1900,7204,26,defectueux,2025-08-13
1901,11601,161,ne_correspond_pas,2026-03-27
1902,28151,199,defectueux,2025-10-02
1903,42050,191,mauvaise_taille,2026-02-08
1904,49025,70,mauvaise_taille,2025-09-24
1905,25121,123,defectueux,2025-05-10
1906,1018,134,defectueux,2025-11-25
1907,3789,114,defectueux,2026-02-12
1908,22728,119,ne_correspond_pas,2026-02-27
1909,20425,133,ne_correspond_pas,2025-07-04
1910,44564,86,mauvaise_taille,2025-12-23
1911,49218,180,ne_correspond_pas,2025-07-11
1912,28858,25,autre,2025-12-27
1913,17362,58,mauvaise_taille,2025-07-20
1914,46702,115,ne_correspond_pas,2025-06-02
1915,45273,197,autre,2025-10-08
1916,4390,86,ne_correspond_pas,2025-09-10
1917,48469,155,defectueux,2025-04-27
1918,13472,196,mauvaise_taille,2025-12-16
1919,5246,63,defectueux,2025-12-23
1920,12974,18,defectueux,2026-01-26
1921,41901,187,defectueux,2025-05-02
1922,24145,96,defectueux,2026-03-14
1923,39595,193,mauvaise_taille,2026-03-25
1924,29948,41,mauvaise_taille,2025-10-19
1925,31446,110,autre,2025-08-15
1926,47328,157,mauvaise_taille,2026-02-27
1927,40988,189,defectueux,2025-08-02
1928,36427,183,autre,2025-09-11
1929,25908,102,ne_correspond_pas,2026-01-07
1930,40872,132,autre,2026-01-10
1931,35007,143,ne_correspond_pas,2026-01-17
1932,40559,43,mauvaise_taille,2025-06-15
1933,22039,166,autre,2025-12-13
1934,25154,74,ne_correspond_pas,2025-09-11
1935,14019,102,ne_correspond_pas,2025-08-22
1936,22475,111,mauvaise_taille,2025-07-18
1937,34466,75,defectueux,2025-12-10
1938,21822,120,ne_correspond_pas,2025-10-21
1939,39238,91,autre,2025-06-04
1940,44985,129,autre,2025-09-30
1941,29832,158,mauvaise_taille,2025-05-17
1942,31934,196,autre,2026-02-18
1943,17729,58,mauvaise_taille,2025-12-02
1944,11247,132,ne_correspond_pas,2025-06-30
1945,1601,112,autre,2025-06-29
1946,31856,93,defectueux,2025-12-06
1947,16083,91,mauvaise_taille,2026-02-01
1948,37255,6,mauvaise_taille,2026-02-04
1949,9455,170,autre,2025-12-04
1950,6225,40,ne_correspond_pas,2025-10-02
1951,1685,199,ne_correspond_pas,2025-07-09
1952,17201,83,mauvaise_taille,2025-07-16
1953,28714,166,ne_correspond_pas,2025-08-24
1954,20605,122,defectueux,2025-09-12
1955,36098,179,ne_correspond_pas,2025-11-21
1956,22876,145,mauvaise_taille,2025-08-28
1957,30171,177,autre,2025-07-10
1958,19314,17,ne_correspond_pas,2026-01-01
1959,18758,179,autre,2025-08-17
1960,23960,115,autre,2025-09-23
1961,8879,62,mauvaise_taille,2025-12-30
1962,18880,66,ne_correspond_pas,2026-01-28
1963,31279,42,ne_correspond_pas,2026-03-28
1964,15108,33,ne_correspond_pas,2026-02-13
1965,44790,116,mauvaise_taille,2025-11-28
1966,26400,85,mauvaise_taille,2025-08-15
1967,19430,69,autre,2026-03-05
1968,49580,48,ne_correspond_pas,2025-10-22
1969,15856,50,ne_correspond_pas,2025-05-08
1970,29463,71,autre,2025-05-28
1971,11298,100,mauvaise_taille,2025-08-29
1972,33386,105,defectueux,2025-05-31
1973,3301,186,autre,2025-08-03
1974,25323,114,mauvaise_taille,2025-10-05
1975,42037,148,autre,2025-11-23
1976,30529,42,mauvaise_taille,2025-12-17
1977,16195,135,ne_correspond_pas,2025-06-06
1978,607,89,mauvaise_taille,2026-03-04
1979,3912,93,ne_correspond_pas,2026-02-07
1980,35773,60,autre,2026-02-07
1981,31920,131,autre,2026-01-19
1982,49152,181,ne_correspond_pas,2026-01-16
1983,26371,189,ne_correspond_pas,2025-12-26
1984,49581,171,autre,2026-01-01
1985,35142,177,autre,2026-02-11
1986,17130,57,ne_correspond_pas,2025-08-10
1987,13190,149,mauvaise_taille,2026-01-16
1988,14498,25,mauvaise_taille,2025-07-22
1989,20076,69,autre,2025-07-17
1990,2957,130,autre,2025-11-28
1991,18587,157,defectueux,2026-02-06
1992,40076,197,ne_correspond_pas,2025-12-11
1993,35899,45,autre,2025-08-30
1994,20074,119,autre,2026-02-19
1995,19122,109,autre,2026-03-09
1996,9086,15,defectueux,2026-03-03
1997,35299,39,mauvaise_taille,2025-07-24
1998,15377,112,autre,2026-04-16
1999,49423,41,ne_correspond_pas,2026-03-25
2000,33425,19,ne_correspond_pas,2026-02-13
